# t_ps C_rot pair_count t0_count label="$10$-$15\,\AA$" color="#56A0D3"
0.000000000000000000e+00 1.000000000000000000e+00 1.852810000000000000e+05 5.610000000000000000e+02
2.000000000000000042e-02 9.254729088487437805e-01 1.772870000000000000e+05 5.600000000000000000e+02
4.000000000000000083e-02 8.935563379681075169e-01 1.738880000000000000e+05 5.590000000000000000e+02
5.999999999999999778e-02 8.920018526647762735e-01 1.720130000000000000e+05 5.580000000000000000e+02
8.000000000000000167e-02 8.864047735334509293e-01 1.701620000000000000e+05 5.570000000000000000e+02
1.000000000000000056e-01 8.730463361618179263e-01 1.684430000000000000e+05 5.560000000000000000e+02
1.199999999999999956e-01 8.618384479785224928e-01 1.668480000000000000e+05 5.550000000000000000e+02
1.400000000000000133e-01 8.500300394429812778e-01 1.653160000000000000e+05 5.540000000000000000e+02
1.600000000000000033e-01 8.415409367036711386e-01 1.637800000000000000e+05 5.530000000000000000e+02
1.799999999999999933e-01 8.313720657853448381e-01 1.623000000000000000e+05 5.520000000000000000e+02
2.000000000000000111e-01 8.219960142338742504e-01 1.610540000000000000e+05 5.510000000000000000e+02
2.200000000000000011e-01 8.122032541304777808e-01 1.599130000000000000e+05 5.500000000000000000e+02
2.399999999999999911e-01 8.039999319775517073e-01 1.587880000000000000e+05 5.490000000000000000e+02
2.600000000000000089e-01 7.948626937090610411e-01 1.576400000000000000e+05 5.480000000000000000e+02
2.800000000000000266e-01 7.867242014218085444e-01 1.565320000000000000e+05 5.470000000000000000e+02
2.999999999999999889e-01 7.787437763981281957e-01 1.555730000000000000e+05 5.460000000000000000e+02
3.200000000000000067e-01 7.708944315967638516e-01 1.546440000000000000e+05 5.450000000000000000e+02
3.400000000000000244e-01 7.631469236521357669e-01 1.537040000000000000e+05 5.440000000000000000e+02
3.599999999999999867e-01 7.555867121807943176e-01 1.527370000000000000e+05 5.430000000000000000e+02
3.800000000000000044e-01 7.481951460565045009e-01 1.518440000000000000e+05 5.420000000000000000e+02
4.000000000000000222e-01 7.411844834930040316e-01 1.511070000000000000e+05 5.410000000000000000e+02
4.199999999999999845e-01 7.340909903115563351e-01 1.503180000000000000e+05 5.400000000000000000e+02
4.400000000000000022e-01 7.274212761285693274e-01 1.495910000000000000e+05 5.390000000000000000e+02
4.600000000000000200e-01 7.207662807841366259e-01 1.488350000000000000e+05 5.380000000000000000e+02
4.799999999999999822e-01 7.143924430205120801e-01 1.480480000000000000e+05 5.370000000000000000e+02
5.000000000000000000e-01 7.078334981617870891e-01 1.473510000000000000e+05 5.360000000000000000e+02
5.200000000000000178e-01 7.015837261249907586e-01 1.466700000000000000e+05 5.350000000000000000e+02
5.400000000000000355e-01 6.953809185350842137e-01 1.459930000000000000e+05 5.340000000000000000e+02
5.600000000000000533e-01 6.893098415862184414e-01 1.452840000000000000e+05 5.330000000000000000e+02
5.799999999999999600e-01 6.835890786369969163e-01 1.446170000000000000e+05 5.320000000000000000e+02
5.999999999999999778e-01 6.778490914493696673e-01 1.439460000000000000e+05 5.310000000000000000e+02
6.199999999999999956e-01 6.720247011423281513e-01 1.432530000000000000e+05 5.300000000000000000e+02
6.400000000000000133e-01 6.663885492215728679e-01 1.426050000000000000e+05 5.290000000000000000e+02
6.600000000000000311e-01 6.609587773931752119e-01 1.419320000000000000e+05 5.280000000000000000e+02
6.800000000000000488e-01 6.552201435521021189e-01 1.413020000000000000e+05 5.270000000000000000e+02
7.000000000000000666e-01 6.494015242980639702e-01 1.406590000000000000e+05 5.260000000000000000e+02
7.199999999999999734e-01 6.440570442430904041e-01 1.400520000000000000e+05 5.250000000000000000e+02
7.399999999999999911e-01 6.385920697243493427e-01 1.394640000000000000e+05 5.240000000000000000e+02
7.600000000000000089e-01 6.332162744158406076e-01 1.388510000000000000e+05 5.230000000000000000e+02
7.800000000000000266e-01 6.280684972449304126e-01 1.382360000000000000e+05 5.220000000000000000e+02
8.000000000000000444e-01 6.224696425208974260e-01 1.376200000000000000e+05 5.210000000000000000e+02
8.200000000000000622e-01 6.175932233300760466e-01 1.370630000000000000e+05 5.200000000000000000e+02
8.399999999999999689e-01 6.124160297071102876e-01 1.365110000000000000e+05 5.190000000000000000e+02
8.599999999999999867e-01 6.073844443479295974e-01 1.359490000000000000e+05 5.180000000000000000e+02
8.800000000000000044e-01 6.024269754563246204e-01 1.354410000000000000e+05 5.170000000000000000e+02
9.000000000000000222e-01 5.971945122644176651e-01 1.349530000000000000e+05 5.160000000000000000e+02
9.200000000000000400e-01 5.928934919032116113e-01 1.343850000000000000e+05 5.150000000000000000e+02
9.400000000000000577e-01 5.883320734310443223e-01 1.338690000000000000e+05 5.140000000000000000e+02
9.599999999999999645e-01 5.835666724904179370e-01 1.333470000000000000e+05 5.130000000000000000e+02
9.799999999999999822e-01 5.786568508025935476e-01 1.327990000000000000e+05 5.120000000000000000e+02
1.000000000000000000e+00 5.742515638001494116e-01 1.322700000000000000e+05 5.110000000000000000e+02
1.020000000000000018e+00 5.691317244734587222e-01 1.317790000000000000e+05 5.100000000000000000e+02
1.040000000000000036e+00 5.645749557842864030e-01 1.312380000000000000e+05 5.090000000000000000e+02
1.060000000000000053e+00 5.603428947485162848e-01 1.307530000000000000e+05 5.080000000000000000e+02
1.080000000000000071e+00 5.561641524432135997e-01 1.302480000000000000e+05 5.070000000000000000e+02
1.100000000000000089e+00 5.517010466846232752e-01 1.297400000000000000e+05 5.060000000000000000e+02
1.120000000000000107e+00 5.474685667129837174e-01 1.292500000000000000e+05 5.050000000000000000e+02
1.140000000000000124e+00 5.431741258133438999e-01 1.288020000000000000e+05 5.040000000000000000e+02
1.159999999999999920e+00 5.388279033125233930e-01 1.283080000000000000e+05 5.030000000000000000e+02
1.179999999999999938e+00 5.350639554369385209e-01 1.278240000000000000e+05 5.020000000000000000e+02
1.199999999999999956e+00 5.303070628484594096e-01 1.273410000000000000e+05 5.010000000000000000e+02
1.219999999999999973e+00 5.263817455448092097e-01 1.268550000000000000e+05 5.000000000000000000e+02
1.239999999999999991e+00 5.222356655043512985e-01 1.263560000000000000e+05 4.990000000000000000e+02
1.260000000000000009e+00 5.181147680043238779e-01 1.259090000000000000e+05 4.980000000000000000e+02
1.280000000000000027e+00 5.144366018927555295e-01 1.254990000000000000e+05 4.970000000000000000e+02
1.300000000000000044e+00 5.106303881320121141e-01 1.250810000000000000e+05 4.960000000000000000e+02
1.320000000000000062e+00 5.067685230920672135e-01 1.246370000000000000e+05 4.950000000000000000e+02
1.340000000000000080e+00 5.031750599663367129e-01 1.242150000000000000e+05 4.940000000000000000e+02
1.360000000000000098e+00 4.994371408546011137e-01 1.237740000000000000e+05 4.930000000000000000e+02
1.380000000000000115e+00 4.956548081541580775e-01 1.233280000000000000e+05 4.920000000000000000e+02
1.400000000000000133e+00 4.918306469908064749e-01 1.228910000000000000e+05 4.910000000000000000e+02
1.419999999999999929e+00 4.887104147545168198e-01 1.224730000000000000e+05 4.900000000000000000e+02
1.439999999999999947e+00 4.855971208669940253e-01 1.220390000000000000e+05 4.890000000000000000e+02
1.459999999999999964e+00 4.823306007442393351e-01 1.216200000000000000e+05 4.880000000000000000e+02
1.479999999999999982e+00 4.786634732808003889e-01 1.211870000000000000e+05 4.870000000000000000e+02
1.500000000000000000e+00 4.747136820713432903e-01 1.207690000000000000e+05 4.860000000000000000e+02
1.520000000000000018e+00 4.710395787169204262e-01 1.203170000000000000e+05 4.850000000000000000e+02
1.540000000000000036e+00 4.679414482315730761e-01 1.198680000000000000e+05 4.840000000000000000e+02
1.560000000000000053e+00 4.648290716239734666e-01 1.194160000000000000e+05 4.830000000000000000e+02
1.580000000000000071e+00 4.613678949103711679e-01 1.189990000000000000e+05 4.820000000000000000e+02
1.600000000000000089e+00 4.579034462599710920e-01 1.185570000000000000e+05 4.810000000000000000e+02
1.620000000000000107e+00 4.542458087022914759e-01 1.181110000000000000e+05 4.800000000000000000e+02
1.640000000000000124e+00 4.511169939616355151e-01 1.176700000000000000e+05 4.790000000000000000e+02
1.660000000000000142e+00 4.473448661950013006e-01 1.172180000000000000e+05 4.780000000000000000e+02
1.679999999999999938e+00 4.437436347873320863e-01 1.167750000000000000e+05 4.770000000000000000e+02
1.699999999999999956e+00 4.409933032288428922e-01 1.162830000000000000e+05 4.760000000000000000e+02
1.719999999999999973e+00 4.379345915656064347e-01 1.158420000000000000e+05 4.750000000000000000e+02
1.739999999999999991e+00 4.346927155710615387e-01 1.154260000000000000e+05 4.740000000000000000e+02
1.760000000000000009e+00 4.319347040333750831e-01 1.149870000000000000e+05 4.730000000000000000e+02
1.780000000000000027e+00 4.287640554230569556e-01 1.145680000000000000e+05 4.720000000000000000e+02
1.800000000000000044e+00 4.259227136267543234e-01 1.141630000000000000e+05 4.710000000000000000e+02
1.820000000000000062e+00 4.228046459713935001e-01 1.137310000000000000e+05 4.700000000000000000e+02
1.840000000000000080e+00 4.196903166107519012e-01 1.133010000000000000e+05 4.690000000000000000e+02
1.860000000000000098e+00 4.170584960486639070e-01 1.128930000000000000e+05 4.680000000000000000e+02
1.880000000000000115e+00 4.142983550822848526e-01 1.124860000000000000e+05 4.670000000000000000e+02
1.900000000000000133e+00 4.112058843136809361e-01 1.120830000000000000e+05 4.660000000000000000e+02
1.919999999999999929e+00 4.082354560337211891e-01 1.116910000000000000e+05 4.650000000000000000e+02
1.939999999999999947e+00 4.050862323032295431e-01 1.112990000000000000e+05 4.640000000000000000e+02
1.959999999999999964e+00 4.019483233774045483e-01 1.109250000000000000e+05 4.630000000000000000e+02
1.979999999999999982e+00 3.993736448144874496e-01 1.105750000000000000e+05 4.620000000000000000e+02
2.000000000000000000e+00 3.963040175182841462e-01 1.102080000000000000e+05 4.610000000000000000e+02
2.020000000000000018e+00 3.932591852445073699e-01 1.097960000000000000e+05 4.600000000000000000e+02
2.040000000000000036e+00 3.902886751238212049e-01 1.093680000000000000e+05 4.590000000000000000e+02
2.060000000000000053e+00 3.874727154204842816e-01 1.089860000000000000e+05 4.580000000000000000e+02
2.080000000000000071e+00 3.845692699993872310e-01 1.086200000000000000e+05 4.570000000000000000e+02
2.100000000000000089e+00 3.814533652054422075e-01 1.082190000000000000e+05 4.560000000000000000e+02
2.120000000000000107e+00 3.787603960024158445e-01 1.078510000000000000e+05 4.550000000000000000e+02
2.140000000000000124e+00 3.762683951049374254e-01 1.074690000000000000e+05 4.540000000000000000e+02
2.160000000000000142e+00 3.730898061985329917e-01 1.070660000000000000e+05 4.530000000000000000e+02
2.180000000000000160e+00 3.702633949451519246e-01 1.067040000000000000e+05 4.520000000000000000e+02
2.200000000000000178e+00 3.680237124409875826e-01 1.063420000000000000e+05 4.510000000000000000e+02
2.220000000000000195e+00 3.658805886123697171e-01 1.059990000000000000e+05 4.500000000000000000e+02
2.240000000000000213e+00 3.629482196563733609e-01 1.056370000000000000e+05 4.490000000000000000e+02
2.260000000000000231e+00 3.605793640133703737e-01 1.052320000000000000e+05 4.480000000000000000e+02
2.280000000000000249e+00 3.580625081773062268e-01 1.048700000000000000e+05 4.470000000000000000e+02
2.300000000000000266e+00 3.553700318049472506e-01 1.044710000000000000e+05 4.460000000000000000e+02
2.319999999999999840e+00 3.525385638061086513e-01 1.040920000000000000e+05 4.450000000000000000e+02
2.339999999999999858e+00 3.500665833655206560e-01 1.037430000000000000e+05 4.440000000000000000e+02
2.359999999999999876e+00 3.476672733736994036e-01 1.033940000000000000e+05 4.430000000000000000e+02
2.379999999999999893e+00 3.454893389546754290e-01 1.030010000000000000e+05 4.420000000000000000e+02
2.399999999999999911e+00 3.430142482572851037e-01 1.026530000000000000e+05 4.410000000000000000e+02
2.419999999999999929e+00 3.407030427513874082e-01 1.023040000000000000e+05 4.400000000000000000e+02
2.439999999999999947e+00 3.383460448091628603e-01 1.019510000000000000e+05 4.390000000000000000e+02
2.459999999999999964e+00 3.357230972622508580e-01 1.016290000000000000e+05 4.380000000000000000e+02
2.479999999999999982e+00 3.333265099028229761e-01 1.012620000000000000e+05 4.370000000000000000e+02
2.500000000000000000e+00 3.314200750564230136e-01 1.009570000000000000e+05 4.360000000000000000e+02
2.520000000000000018e+00 3.292103756428726991e-01 1.006580000000000000e+05 4.350000000000000000e+02
2.540000000000000036e+00 3.268371034380839757e-01 1.002980000000000000e+05 4.340000000000000000e+02
2.560000000000000053e+00 3.243852189490461502e-01 9.996500000000000000e+04 4.330000000000000000e+02
2.580000000000000071e+00 3.227141462440156205e-01 9.964400000000000000e+04 4.320000000000000000e+02
2.600000000000000089e+00 3.202549553016431627e-01 9.928600000000000000e+04 4.310000000000000000e+02
2.620000000000000107e+00 3.177818453647129893e-01 9.895600000000000000e+04 4.300000000000000000e+02
2.640000000000000124e+00 3.156785303503494289e-01 9.862800000000000000e+04 4.290000000000000000e+02
2.660000000000000142e+00 3.134056325025879608e-01 9.830700000000000000e+04 4.280000000000000000e+02
2.680000000000000160e+00 3.110695193580937934e-01 9.798400000000000000e+04 4.270000000000000000e+02
2.700000000000000178e+00 3.095117536281217219e-01 9.766600000000000000e+04 4.260000000000000000e+02
2.720000000000000195e+00 3.069879486801123658e-01 9.733500000000000000e+04 4.250000000000000000e+02
2.740000000000000213e+00 3.051347849836113513e-01 9.700100000000000000e+04 4.240000000000000000e+02
2.760000000000000231e+00 3.033808143568222926e-01 9.665500000000000000e+04 4.230000000000000000e+02
2.780000000000000249e+00 3.012744249436781763e-01 9.632100000000000000e+04 4.220000000000000000e+02
2.800000000000000266e+00 2.998121593905757054e-01 9.597200000000000000e+04 4.210000000000000000e+02
2.819999999999999840e+00 2.977599994283146589e-01 9.565100000000000000e+04 4.200000000000000000e+02
2.839999999999999858e+00 2.961329007507343403e-01 9.530900000000000000e+04 4.190000000000000000e+02
2.859999999999999876e+00 2.942943646967000615e-01 9.500100000000000000e+04 4.180000000000000000e+02
2.879999999999999893e+00 2.923934303295404602e-01 9.468600000000000000e+04 4.170000000000000000e+02
2.899999999999999911e+00 2.901726888903571888e-01 9.432900000000000000e+04 4.160000000000000000e+02
2.919999999999999929e+00 2.885077641787630598e-01 9.393900000000000000e+04 4.150000000000000000e+02
2.939999999999999947e+00 2.865989234827885923e-01 9.362800000000000000e+04 4.140000000000000000e+02
2.959999999999999964e+00 2.847018611279497624e-01 9.329800000000000000e+04 4.130000000000000000e+02
2.979999999999999982e+00 2.826529833948031034e-01 9.294000000000000000e+04 4.120000000000000000e+02
3.000000000000000000e+00 2.809127473869386660e-01 9.260700000000000000e+04 4.110000000000000000e+02
3.020000000000000018e+00 2.794923852263779818e-01 9.226700000000000000e+04 4.100000000000000000e+02
3.040000000000000036e+00 2.773630641543959885e-01 9.195600000000000000e+04 4.090000000000000000e+02
3.060000000000000053e+00 2.749223111655262342e-01 9.163400000000000000e+04 4.080000000000000000e+02
3.080000000000000071e+00 2.730720863376354113e-01 9.130600000000000000e+04 4.070000000000000000e+02
3.100000000000000089e+00 2.711459654152500454e-01 9.097900000000000000e+04 4.060000000000000000e+02
3.120000000000000107e+00 2.691675605550076233e-01 9.067300000000000000e+04 4.050000000000000000e+02
3.140000000000000124e+00 2.676966198439885147e-01 9.032900000000000000e+04 4.040000000000000000e+02
3.160000000000000142e+00 2.653088635773036552e-01 9.002400000000000000e+04 4.030000000000000000e+02
3.180000000000000160e+00 2.638654080429269078e-01 8.971900000000000000e+04 4.020000000000000000e+02
3.200000000000000178e+00 2.618433840854823558e-01 8.940500000000000000e+04 4.010000000000000000e+02
3.220000000000000195e+00 2.605351219242833527e-01 8.911000000000000000e+04 4.000000000000000000e+02
3.240000000000000213e+00 2.595498384840227990e-01 8.881600000000000000e+04 3.990000000000000000e+02
3.260000000000000231e+00 2.574309557143240612e-01 8.850300000000000000e+04 3.980000000000000000e+02
3.280000000000000249e+00 2.551810549768571135e-01 8.820500000000000000e+04 3.970000000000000000e+02
3.300000000000000266e+00 2.539525490451669532e-01 8.794300000000000000e+04 3.960000000000000000e+02
3.320000000000000284e+00 2.526522992145934787e-01 8.766200000000000000e+04 3.950000000000000000e+02
3.339999999999999858e+00 2.510741982800304140e-01 8.737500000000000000e+04 3.940000000000000000e+02
3.359999999999999876e+00 2.489642750347644540e-01 8.705100000000000000e+04 3.930000000000000000e+02
3.379999999999999893e+00 2.476610987706716616e-01 8.675800000000000000e+04 3.920000000000000000e+02
3.399999999999999911e+00 2.459659744610300791e-01 8.647800000000000000e+04 3.910000000000000000e+02
3.419999999999999929e+00 2.442784917098667907e-01 8.617500000000000000e+04 3.900000000000000000e+02
3.439999999999999947e+00 2.430428834235563718e-01 8.585900000000000000e+04 3.890000000000000000e+02
3.459999999999999964e+00 2.417738414384415779e-01 8.556100000000000000e+04 3.880000000000000000e+02
3.479999999999999982e+00 2.399149341903848431e-01 8.524900000000000000e+04 3.870000000000000000e+02
3.500000000000000000e+00 2.382422493504547656e-01 8.497300000000000000e+04 3.860000000000000000e+02
3.520000000000000018e+00 2.368661642481396656e-01 8.463600000000000000e+04 3.850000000000000000e+02
3.540000000000000036e+00 2.353328338294716771e-01 8.432600000000000000e+04 3.840000000000000000e+02
3.560000000000000053e+00 2.337959529732901165e-01 8.404000000000000000e+04 3.830000000000000000e+02
3.580000000000000071e+00 2.318275447362173058e-01 8.370500000000000000e+04 3.820000000000000000e+02
3.600000000000000089e+00 2.302002794145006359e-01 8.340600000000000000e+04 3.810000000000000000e+02
3.620000000000000107e+00 2.289052155688534596e-01 8.311200000000000000e+04 3.800000000000000000e+02
3.640000000000000124e+00 2.271265261704571436e-01 8.285700000000000000e+04 3.790000000000000000e+02
3.660000000000000142e+00 2.254980224539148148e-01 8.257600000000000000e+04 3.780000000000000000e+02
3.680000000000000160e+00 2.245949102811641007e-01 8.231500000000000000e+04 3.770000000000000000e+02
3.700000000000000178e+00 2.234680108590275383e-01 8.206900000000000000e+04 3.760000000000000000e+02
3.720000000000000195e+00 2.221935615457958924e-01 8.180600000000000000e+04 3.750000000000000000e+02
3.740000000000000213e+00 2.204542182382466520e-01 8.153200000000000000e+04 3.740000000000000000e+02
3.760000000000000231e+00 2.189760939595385980e-01 8.126600000000000000e+04 3.730000000000000000e+02
3.780000000000000249e+00 2.176028551447374004e-01 8.099400000000000000e+04 3.720000000000000000e+02
3.800000000000000266e+00 2.166371898070494906e-01 8.071400000000000000e+04 3.710000000000000000e+02
3.820000000000000284e+00 2.155243830685447948e-01 8.041400000000000000e+04 3.700000000000000000e+02
3.839999999999999858e+00 2.138041294471002274e-01 8.016200000000000000e+04 3.690000000000000000e+02
3.859999999999999876e+00 2.124423751918662340e-01 7.986300000000000000e+04 3.680000000000000000e+02
3.879999999999999893e+00 2.104858511331193782e-01 7.960300000000000000e+04 3.670000000000000000e+02
3.899999999999999911e+00 2.089863324783334253e-01 7.932800000000000000e+04 3.660000000000000000e+02
3.919999999999999929e+00 2.074806217675411180e-01 7.904900000000000000e+04 3.650000000000000000e+02
3.939999999999999947e+00 2.066130947387397609e-01 7.875500000000000000e+04 3.640000000000000000e+02
3.959999999999999964e+00 2.053958465146877022e-01 7.846600000000000000e+04 3.630000000000000000e+02
3.979999999999999982e+00 2.043502939167944066e-01 7.818500000000000000e+04 3.620000000000000000e+02
4.000000000000000000e+00 2.029421062926135277e-01 7.790900000000000000e+04 3.610000000000000000e+02
4.020000000000000462e+00 2.017852843294590248e-01 7.763300000000000000e+04 3.600000000000000000e+02
4.040000000000000036e+00 2.006779103256914054e-01 7.731900000000000000e+04 3.590000000000000000e+02
4.060000000000000497e+00 1.991390774726064516e-01 7.704800000000000000e+04 3.580000000000000000e+02
4.080000000000000071e+00 1.979914721452122328e-01 7.677100000000000000e+04 3.570000000000000000e+02
4.099999999999999645e+00 1.971435542622624049e-01 7.647100000000000000e+04 3.560000000000000000e+02
4.120000000000000107e+00 1.962440531875240257e-01 7.621900000000000000e+04 3.550000000000000000e+02
4.139999999999999680e+00 1.949009860716251763e-01 7.595700000000000000e+04 3.540000000000000000e+02
4.160000000000000142e+00 1.930644531524946250e-01 7.565900000000000000e+04 3.530000000000000000e+02
4.179999999999999716e+00 1.919994413691561985e-01 7.540200000000000000e+04 3.520000000000000000e+02
4.200000000000000178e+00 1.905469632778198641e-01 7.515400000000000000e+04 3.510000000000000000e+02
4.219999999999999751e+00 1.889510591339656764e-01 7.489200000000000000e+04 3.500000000000000000e+02
4.240000000000000213e+00 1.872113147201243388e-01 7.463900000000000000e+04 3.490000000000000000e+02
4.259999999999999787e+00 1.858926727472112184e-01 7.437000000000000000e+04 3.480000000000000000e+02
4.280000000000000249e+00 1.850316419866875339e-01 7.407800000000000000e+04 3.470000000000000000e+02
4.299999999999999822e+00 1.839034613437975640e-01 7.381900000000000000e+04 3.460000000000000000e+02
4.320000000000000284e+00 1.820372244576964893e-01 7.356100000000000000e+04 3.450000000000000000e+02
4.339999999999999858e+00 1.806735103979661139e-01 7.330900000000000000e+04 3.440000000000000000e+02
4.360000000000000320e+00 1.800096663616082837e-01 7.306400000000000000e+04 3.430000000000000000e+02
4.379999999999999893e+00 1.786691507017149905e-01 7.277300000000000000e+04 3.420000000000000000e+02
4.400000000000000355e+00 1.768869277710626853e-01 7.253000000000000000e+04 3.410000000000000000e+02
4.419999999999999929e+00 1.757683050065172725e-01 7.227900000000000000e+04 3.400000000000000000e+02
4.440000000000000391e+00 1.750909333413074032e-01 7.201400000000000000e+04 3.390000000000000000e+02
4.459999999999999964e+00 1.738930662685618522e-01 7.176300000000000000e+04 3.380000000000000000e+02
4.480000000000000426e+00 1.730993555520962401e-01 7.150400000000000000e+04 3.370000000000000000e+02
4.500000000000000000e+00 1.725036951965831789e-01 7.124300000000000000e+04 3.360000000000000000e+02
4.520000000000000462e+00 1.708884506172015927e-01 7.101900000000000000e+04 3.350000000000000000e+02
4.540000000000000036e+00 1.693874583425506175e-01 7.076700000000000000e+04 3.340000000000000000e+02
4.560000000000000497e+00 1.684640317392271380e-01 7.049400000000000000e+04 3.330000000000000000e+02
4.580000000000000071e+00 1.676894870177409180e-01 7.022400000000000000e+04 3.320000000000000000e+02
4.600000000000000533e+00 1.670977110590275705e-01 6.996000000000000000e+04 3.310000000000000000e+02
4.620000000000000107e+00 1.659767566226940105e-01 6.968600000000000000e+04 3.300000000000000000e+02
4.639999999999999680e+00 1.653601794645314649e-01 6.941700000000000000e+04 3.290000000000000000e+02
4.660000000000000142e+00 1.642126064130028373e-01 6.915000000000000000e+04 3.280000000000000000e+02
4.679999999999999716e+00 1.630578795152897165e-01 6.887300000000000000e+04 3.270000000000000000e+02
4.700000000000000178e+00 1.618966368579270454e-01 6.861300000000000000e+04 3.260000000000000000e+02
4.719999999999999751e+00 1.608630711155972504e-01 6.836500000000000000e+04 3.250000000000000000e+02
4.740000000000000213e+00 1.604617266228421379e-01 6.810900000000000000e+04 3.240000000000000000e+02
4.759999999999999787e+00 1.595294173273039962e-01 6.786700000000000000e+04 3.230000000000000000e+02
4.780000000000000249e+00 1.579312648897252536e-01 6.760000000000000000e+04 3.220000000000000000e+02
4.799999999999999822e+00 1.566810428302591596e-01 6.733200000000000000e+04 3.210000000000000000e+02
4.820000000000000284e+00 1.559625744771166722e-01 6.708300000000000000e+04 3.200000000000000000e+02
4.839999999999999858e+00 1.554267774625696930e-01 6.682600000000000000e+04 3.190000000000000000e+02
4.860000000000000320e+00 1.554766952800317181e-01 6.655500000000000000e+04 3.180000000000000000e+02
4.879999999999999893e+00 1.538838509345432648e-01 6.630100000000000000e+04 3.170000000000000000e+02
4.900000000000000355e+00 1.527711944069334582e-01 6.604100000000000000e+04 3.160000000000000000e+02
4.919999999999999929e+00 1.528068896795743703e-01 6.578600000000000000e+04 3.150000000000000000e+02
4.940000000000000391e+00 1.522590960948638217e-01 6.550600000000000000e+04 3.140000000000000000e+02
4.959999999999999964e+00 1.511532985858337064e-01 6.523600000000000000e+04 3.130000000000000000e+02
4.980000000000000426e+00 1.505076219456591147e-01 6.496800000000000000e+04 3.120000000000000000e+02
5.000000000000000000e+00 1.500451160311132848e-01 6.468300000000000000e+04 3.110000000000000000e+02
5.020000000000000462e+00 1.496530071008886353e-01 6.443200000000000000e+04 3.100000000000000000e+02
5.040000000000000036e+00 1.486634012532643823e-01 6.417400000000000000e+04 3.090000000000000000e+02
5.060000000000000497e+00 1.481146647982403697e-01 6.391400000000000000e+04 3.080000000000000000e+02
5.080000000000000071e+00 1.466362606887653131e-01 6.366300000000000000e+04 3.070000000000000000e+02
5.100000000000000533e+00 1.454615080045097153e-01 6.340800000000000000e+04 3.060000000000000000e+02
5.120000000000000107e+00 1.446889030784677399e-01 6.316200000000000000e+04 3.050000000000000000e+02
5.139999999999999680e+00 1.440502629854411021e-01 6.291300000000000000e+04 3.040000000000000000e+02
5.160000000000000142e+00 1.431200673115000377e-01 6.266500000000000000e+04 3.030000000000000000e+02
5.179999999999999716e+00 1.424486981799530927e-01 6.242800000000000000e+04 3.020000000000000000e+02
5.200000000000000178e+00 1.416540528183803938e-01 6.218100000000000000e+04 3.010000000000000000e+02
5.219999999999999751e+00 1.411098251150207372e-01 6.193500000000000000e+04 3.000000000000000000e+02
5.240000000000000213e+00 1.403100145309492952e-01 6.166400000000000000e+04 2.990000000000000000e+02
5.259999999999999787e+00 1.398860008532878951e-01 6.143600000000000000e+04 2.980000000000000000e+02
5.280000000000000249e+00 1.392356414287486133e-01 6.121600000000000000e+04 2.970000000000000000e+02
5.299999999999999822e+00 1.384060243918829314e-01 6.100500000000000000e+04 2.960000000000000000e+02
5.320000000000000284e+00 1.379537434064711798e-01 6.078000000000000000e+04 2.950000000000000000e+02
5.339999999999999858e+00 1.371350357826165989e-01 6.053700000000000000e+04 2.940000000000000000e+02
5.360000000000000320e+00 1.366812033865027198e-01 6.032100000000000000e+04 2.930000000000000000e+02
5.379999999999999893e+00 1.356185859817348460e-01 6.008900000000000000e+04 2.920000000000000000e+02
5.400000000000000355e+00 1.344450395324924274e-01 5.984500000000000000e+04 2.910000000000000000e+02
5.419999999999999929e+00 1.334387776599561537e-01 5.958400000000000000e+04 2.900000000000000000e+02
5.440000000000000391e+00 1.324126100421312846e-01 5.933700000000000000e+04 2.890000000000000000e+02
5.459999999999999964e+00 1.317980832131585567e-01 5.908000000000000000e+04 2.880000000000000000e+02
5.480000000000000426e+00 1.312627294188384308e-01 5.881400000000000000e+04 2.870000000000000000e+02
5.500000000000000000e+00 1.296691739824200607e-01 5.855000000000000000e+04 2.860000000000000000e+02
5.520000000000000462e+00 1.288719757792878562e-01 5.831500000000000000e+04 2.850000000000000000e+02
5.540000000000000036e+00 1.285676825534280976e-01 5.805600000000000000e+04 2.840000000000000000e+02
5.560000000000000497e+00 1.273201042956738638e-01 5.780200000000000000e+04 2.830000000000000000e+02
5.580000000000000071e+00 1.261055564921760852e-01 5.755000000000000000e+04 2.820000000000000000e+02
5.600000000000000533e+00 1.258875853784855725e-01 5.729600000000000000e+04 2.810000000000000000e+02
5.620000000000000107e+00 1.257456204172613945e-01 5.703200000000000000e+04 2.800000000000000000e+02
5.639999999999999680e+00 1.256547466474027264e-01 5.676900000000000000e+04 2.790000000000000000e+02
5.660000000000000142e+00 1.247323475943109827e-01 5.653100000000000000e+04 2.780000000000000000e+02
5.679999999999999716e+00 1.247955347889921490e-01 5.629700000000000000e+04 2.770000000000000000e+02
5.700000000000000178e+00 1.241763622961832153e-01 5.607200000000000000e+04 2.760000000000000000e+02
5.719999999999999751e+00 1.243355982526733600e-01 5.583100000000000000e+04 2.750000000000000000e+02
5.740000000000000213e+00 1.234976042351531439e-01 5.558600000000000000e+04 2.740000000000000000e+02
5.759999999999999787e+00 1.227224108191176249e-01 5.536600000000000000e+04 2.730000000000000000e+02
5.780000000000000249e+00 1.217000773809660541e-01 5.512300000000000000e+04 2.720000000000000000e+02
5.799999999999999822e+00 1.215320380538830042e-01 5.490100000000000000e+04 2.710000000000000000e+02
5.820000000000000284e+00 1.212379988286588633e-01 5.467100000000000000e+04 2.700000000000000000e+02
5.839999999999999858e+00 1.207174747777443324e-01 5.444000000000000000e+04 2.690000000000000000e+02
5.860000000000000320e+00 1.207133158663699912e-01 5.417600000000000000e+04 2.680000000000000000e+02
5.879999999999999893e+00 1.200923478745428846e-01 5.395100000000000000e+04 2.670000000000000000e+02
5.900000000000000355e+00 1.190091298684405191e-01 5.373000000000000000e+04 2.660000000000000000e+02
5.919999999999999929e+00 1.188399352527580860e-01 5.348600000000000000e+04 2.650000000000000000e+02
5.940000000000000391e+00 1.187350308159824397e-01 5.326600000000000000e+04 2.640000000000000000e+02
5.959999999999999964e+00 1.186761852105541887e-01 5.303500000000000000e+04 2.630000000000000000e+02
5.980000000000000426e+00 1.182261901681939953e-01 5.280700000000000000e+04 2.620000000000000000e+02
6.000000000000000000e+00 1.175554958098208175e-01 5.257700000000000000e+04 2.610000000000000000e+02
6.020000000000000462e+00 1.162510847663866809e-01 5.233900000000000000e+04 2.600000000000000000e+02
6.040000000000000036e+00 1.159966295181521917e-01 5.211400000000000000e+04 2.590000000000000000e+02
6.060000000000000497e+00 1.152000878002368417e-01 5.189900000000000000e+04 2.580000000000000000e+02
6.080000000000000071e+00 1.142824631614134667e-01 5.168300000000000000e+04 2.570000000000000000e+02
6.100000000000000533e+00 1.134615320370911395e-01 5.143700000000000000e+04 2.560000000000000000e+02
6.120000000000000107e+00 1.130605880944096364e-01 5.121600000000000000e+04 2.550000000000000000e+02
6.140000000000000568e+00 1.119811954750888627e-01 5.101900000000000000e+04 2.540000000000000000e+02
6.160000000000000142e+00 1.102771709776323161e-01 5.079200000000000000e+04 2.530000000000000000e+02
6.179999999999999716e+00 1.096816895616917753e-01 5.054100000000000000e+04 2.520000000000000000e+02
6.200000000000000178e+00 1.096812971088388794e-01 5.032100000000000000e+04 2.510000000000000000e+02
6.219999999999999751e+00 1.095556068201444383e-01 5.008300000000000000e+04 2.500000000000000000e+02
6.240000000000000213e+00 1.089580546887219253e-01 4.987200000000000000e+04 2.490000000000000000e+02
6.259999999999999787e+00 1.083388922092537177e-01 4.963000000000000000e+04 2.480000000000000000e+02
6.280000000000000249e+00 1.082768061905562407e-01 4.941500000000000000e+04 2.470000000000000000e+02
6.299999999999999822e+00 1.080726546380195024e-01 4.916900000000000000e+04 2.460000000000000000e+02
6.320000000000000284e+00 1.068426532837847137e-01 4.894000000000000000e+04 2.450000000000000000e+02
6.339999999999999858e+00 1.068357337528130918e-01 4.870300000000000000e+04 2.440000000000000000e+02
6.360000000000000320e+00 1.071946444023264416e-01 4.845900000000000000e+04 2.430000000000000000e+02
6.379999999999999893e+00 1.068734481756238863e-01 4.823800000000000000e+04 2.420000000000000000e+02
6.400000000000000355e+00 1.065879116091134754e-01 4.801600000000000000e+04 2.410000000000000000e+02
6.419999999999999929e+00 1.060550720527196622e-01 4.777000000000000000e+04 2.400000000000000000e+02
6.440000000000000391e+00 1.053407945979162180e-01 4.755100000000000000e+04 2.390000000000000000e+02
6.459999999999999964e+00 1.047790969874151934e-01 4.731400000000000000e+04 2.380000000000000000e+02
6.480000000000000426e+00 1.044206434131277894e-01 4.708300000000000000e+04 2.370000000000000000e+02
6.500000000000000000e+00 1.039890740639859423e-01 4.684000000000000000e+04 2.360000000000000000e+02
6.520000000000000462e+00 1.033683180633965248e-01 4.662300000000000000e+04 2.350000000000000000e+02
6.540000000000000036e+00 1.031845794365971458e-01 4.639200000000000000e+04 2.340000000000000000e+02
6.560000000000000497e+00 1.037194220205158862e-01 4.616600000000000000e+04 2.330000000000000000e+02
6.580000000000000071e+00 1.024344840449643995e-01 4.596300000000000000e+04 2.320000000000000000e+02
6.600000000000000533e+00 1.009762244416068933e-01 4.574600000000000000e+04 2.310000000000000000e+02
6.620000000000000107e+00 1.002561514513684721e-01 4.551000000000000000e+04 2.300000000000000000e+02
6.640000000000000568e+00 1.006100498171098867e-01 4.528000000000000000e+04 2.290000000000000000e+02
6.660000000000000142e+00 9.975868979478748344e-02 4.507600000000000000e+04 2.280000000000000000e+02
6.679999999999999716e+00 9.917668395444911855e-02 4.485100000000000000e+04 2.270000000000000000e+02
6.700000000000000178e+00 9.851534177189422148e-02 4.463500000000000000e+04 2.260000000000000000e+02
6.719999999999999751e+00 9.796989355680083000e-02 4.442300000000000000e+04 2.250000000000000000e+02
6.740000000000000213e+00 9.782040584349074863e-02 4.420300000000000000e+04 2.240000000000000000e+02
6.759999999999999787e+00 9.751889189748741416e-02 4.399100000000000000e+04 2.230000000000000000e+02
6.780000000000000249e+00 9.671202990750159267e-02 4.377600000000000000e+04 2.220000000000000000e+02
6.799999999999999822e+00 9.620045373946940759e-02 4.357700000000000000e+04 2.210000000000000000e+02
6.820000000000000284e+00 9.545593279636094275e-02 4.336900000000000000e+04 2.200000000000000000e+02
6.839999999999999858e+00 9.505858593309529647e-02 4.317800000000000000e+04 2.190000000000000000e+02
6.860000000000000320e+00 9.400332910206411763e-02 4.296700000000000000e+04 2.180000000000000000e+02
6.879999999999999893e+00 9.324753687664835700e-02 4.274200000000000000e+04 2.170000000000000000e+02
6.900000000000000355e+00 9.250308446602667489e-02 4.252100000000000000e+04 2.160000000000000000e+02
6.919999999999999929e+00 9.165827059032170820e-02 4.231100000000000000e+04 2.150000000000000000e+02
6.940000000000000391e+00 9.095222879487173395e-02 4.211500000000000000e+04 2.140000000000000000e+02
6.959999999999999964e+00 9.038356323571408724e-02 4.189800000000000000e+04 2.130000000000000000e+02
6.980000000000000426e+00 8.902030168692952328e-02 4.168800000000000000e+04 2.120000000000000000e+02
7.000000000000000000e+00 8.777203939133468302e-02 4.148700000000000000e+04 2.110000000000000000e+02
7.020000000000000462e+00 8.702338494559444526e-02 4.127900000000000000e+04 2.100000000000000000e+02
7.040000000000000036e+00 8.628167239470135863e-02 4.105000000000000000e+04 2.090000000000000000e+02
7.060000000000000497e+00 8.513934495958157267e-02 4.083900000000000000e+04 2.080000000000000000e+02
7.080000000000000071e+00 8.381085877725749644e-02 4.064300000000000000e+04 2.070000000000000000e+02
7.100000000000000533e+00 8.290001662108109626e-02 4.042700000000000000e+04 2.060000000000000000e+02
7.120000000000000107e+00 8.240425248286124826e-02 4.020100000000000000e+04 2.050000000000000000e+02
7.140000000000000568e+00 8.205402227173497209e-02 3.999700000000000000e+04 2.040000000000000000e+02
7.160000000000000142e+00 8.124797508040140781e-02 3.981000000000000000e+04 2.030000000000000000e+02
7.179999999999999716e+00 7.964226006203256603e-02 3.959500000000000000e+04 2.020000000000000000e+02
7.200000000000000178e+00 7.919964872580360915e-02 3.938700000000000000e+04 2.010000000000000000e+02
7.219999999999999751e+00 7.919577276215326866e-02 3.915200000000000000e+04 2.000000000000000000e+02
7.240000000000000213e+00 7.782452424547631198e-02 3.892300000000000000e+04 1.990000000000000000e+02
7.259999999999999787e+00 7.649968221447454864e-02 3.867600000000000000e+04 1.980000000000000000e+02
7.280000000000000249e+00 7.622617891359838305e-02 3.845800000000000000e+04 1.970000000000000000e+02
7.299999999999999822e+00 7.542371145563034340e-02 3.825000000000000000e+04 1.960000000000000000e+02
7.320000000000000284e+00 7.425803157600525950e-02 3.802400000000000000e+04 1.950000000000000000e+02
7.339999999999999858e+00 7.266700522803226647e-02 3.782700000000000000e+04 1.940000000000000000e+02
7.360000000000000320e+00 7.109515020060240553e-02 3.762700000000000000e+04 1.930000000000000000e+02
7.379999999999999893e+00 7.047052395395266011e-02 3.742100000000000000e+04 1.920000000000000000e+02
7.400000000000000355e+00 6.918232504648456904e-02 3.722200000000000000e+04 1.910000000000000000e+02
7.419999999999999929e+00 6.810830118338927208e-02 3.702000000000000000e+04 1.900000000000000000e+02
7.440000000000000391e+00 6.662437566824397361e-02 3.680900000000000000e+04 1.890000000000000000e+02
7.459999999999999964e+00 6.532170559621189310e-02 3.661500000000000000e+04 1.880000000000000000e+02
7.480000000000000426e+00 6.444922431539665264e-02 3.641000000000000000e+04 1.870000000000000000e+02
7.500000000000000000e+00 6.236656831929818928e-02 3.621100000000000000e+04 1.860000000000000000e+02
7.520000000000000462e+00 6.042674257249928960e-02 3.602600000000000000e+04 1.850000000000000000e+02
7.540000000000000036e+00 5.930453977841258772e-02 3.582700000000000000e+04 1.840000000000000000e+02
7.560000000000000497e+00 5.783605668405053524e-02 3.564000000000000000e+04 1.830000000000000000e+02
7.580000000000000071e+00 5.698766076427565913e-02 3.545000000000000000e+04 1.820000000000000000e+02
7.600000000000000533e+00 5.569190348158600118e-02 3.526500000000000000e+04 1.810000000000000000e+02
7.620000000000000107e+00 5.351212815954884544e-02 3.505500000000000000e+04 1.800000000000000000e+02
7.640000000000000568e+00 5.278676910679800521e-02 3.487800000000000000e+04 1.790000000000000000e+02
7.660000000000000142e+00 5.236502006637584056e-02 3.468200000000000000e+04 1.780000000000000000e+02
7.679999999999999716e+00 5.053013170991008107e-02 3.445200000000000000e+04 1.770000000000000000e+02
7.700000000000000178e+00 4.954258769426534564e-02 3.423900000000000000e+04 1.760000000000000000e+02
7.719999999999999751e+00 4.894058369125806052e-02 3.402000000000000000e+04 1.750000000000000000e+02
7.740000000000000213e+00 4.777908171446407226e-02 3.382500000000000000e+04 1.740000000000000000e+02
7.759999999999999787e+00 4.643078996489454630e-02 3.361800000000000000e+04 1.730000000000000000e+02
7.780000000000000249e+00 4.524256853131082556e-02 3.341000000000000000e+04 1.720000000000000000e+02
7.799999999999999822e+00 4.405026805620061020e-02 3.318300000000000000e+04 1.710000000000000000e+02
7.820000000000000284e+00 4.285667267975270395e-02 3.296800000000000000e+04 1.700000000000000000e+02
7.839999999999999858e+00 4.243949339352848238e-02 3.276500000000000000e+04 1.690000000000000000e+02
7.860000000000000320e+00 4.100707535359000150e-02 3.256600000000000000e+04 1.680000000000000000e+02
7.879999999999999893e+00 3.909549561233226223e-02 3.236600000000000000e+04 1.670000000000000000e+02
7.900000000000000355e+00 3.860994453543210858e-02 3.216000000000000000e+04 1.660000000000000000e+02
7.919999999999999929e+00 3.921161338159696169e-02 3.194700000000000000e+04 1.650000000000000000e+02
7.940000000000000391e+00 3.870571796858671143e-02 3.173200000000000000e+04 1.640000000000000000e+02
7.959999999999999964e+00 3.822151255193446256e-02 3.153400000000000000e+04 1.630000000000000000e+02
7.980000000000000426e+00 3.677068693188363657e-02 3.135700000000000000e+04 1.620000000000000000e+02
8.000000000000000000e+00 3.615790455234723505e-02 3.114200000000000000e+04 1.610000000000000000e+02
8.019999999999999574e+00 3.477748679304314139e-02 3.094000000000000000e+04 1.600000000000000000e+02
8.040000000000000924e+00 3.418277102998557027e-02 3.072200000000000000e+04 1.590000000000000000e+02
8.060000000000000497e+00 3.353993921001674483e-02 3.049600000000000000e+04 1.580000000000000000e+02
8.080000000000000071e+00 3.273533179454750364e-02 3.028800000000000000e+04 1.570000000000000000e+02
8.099999999999999645e+00 3.187674568965458838e-02 3.007200000000000000e+04 1.560000000000000000e+02
8.120000000000000995e+00 3.196515014477123440e-02 2.985500000000000000e+04 1.550000000000000000e+02
8.140000000000000568e+00 3.118022043437552668e-02 2.963500000000000000e+04 1.540000000000000000e+02
8.160000000000000142e+00 3.026632766539681316e-02 2.942700000000000000e+04 1.530000000000000000e+02
8.179999999999999716e+00 3.002782549686248970e-02 2.922400000000000000e+04 1.520000000000000000e+02
8.199999999999999289e+00 2.827486358442490855e-02 2.901700000000000000e+04 1.510000000000000000e+02
8.220000000000000639e+00 2.717114186362940345e-02 2.881800000000000000e+04 1.500000000000000000e+02
8.240000000000000213e+00 2.704216168246453833e-02 2.861300000000000000e+04 1.490000000000000000e+02
8.259999999999999787e+00 2.673596009177675592e-02 2.840100000000000000e+04 1.480000000000000000e+02
8.279999999999999361e+00 2.548819650515026652e-02 2.819500000000000000e+04 1.470000000000000000e+02
8.300000000000000711e+00 2.460996783150117689e-02 2.797900000000000000e+04 1.460000000000000000e+02
8.320000000000000284e+00 2.483514217649843148e-02 2.777500000000000000e+04 1.450000000000000000e+02
8.339999999999999858e+00 2.491808675054674876e-02 2.757400000000000000e+04 1.440000000000000000e+02
8.359999999999999432e+00 2.464390384981253457e-02 2.736400000000000000e+04 1.430000000000000000e+02
8.380000000000000782e+00 2.505879664517559821e-02 2.716300000000000000e+04 1.420000000000000000e+02
8.400000000000000355e+00 2.519731206057432282e-02 2.694500000000000000e+04 1.410000000000000000e+02
8.419999999999999929e+00 2.572176380916034802e-02 2.674300000000000000e+04 1.400000000000000000e+02
8.439999999999999503e+00 2.590306561449191164e-02 2.655500000000000000e+04 1.390000000000000000e+02
8.460000000000000853e+00 2.554152197358815907e-02 2.635600000000000000e+04 1.380000000000000000e+02
8.480000000000000426e+00 2.524386574068705758e-02 2.616900000000000000e+04 1.370000000000000000e+02
8.500000000000000000e+00 2.524530146673543626e-02 2.597000000000000000e+04 1.360000000000000000e+02
8.519999999999999574e+00 2.546881196495750371e-02 2.576000000000000000e+04 1.350000000000000000e+02
8.540000000000000924e+00 2.486389496541661914e-02 2.557700000000000000e+04 1.340000000000000000e+02
8.560000000000000497e+00 2.539290828345602130e-02 2.540100000000000000e+04 1.330000000000000000e+02
8.580000000000000071e+00 2.410338454643893430e-02 2.520500000000000000e+04 1.320000000000000000e+02
8.599999999999999645e+00 2.323988060593450145e-02 2.501300000000000000e+04 1.310000000000000000e+02
8.620000000000000995e+00 2.313713751732591334e-02 2.480400000000000000e+04 1.300000000000000000e+02
8.640000000000000568e+00 2.295616359875959911e-02 2.459600000000000000e+04 1.290000000000000000e+02
8.660000000000000142e+00 2.203386924571305513e-02 2.438400000000000000e+04 1.280000000000000000e+02
8.679999999999999716e+00 2.134132658808060926e-02 2.415700000000000000e+04 1.270000000000000000e+02
8.700000000000001066e+00 2.074332948904381024e-02 2.395000000000000000e+04 1.260000000000000000e+02
8.720000000000000639e+00 1.991326976261563811e-02 2.374100000000000000e+04 1.250000000000000000e+02
8.740000000000000213e+00 2.022112397196284758e-02 2.351100000000000000e+04 1.240000000000000000e+02
8.759999999999999787e+00 1.965540538307905885e-02 2.329600000000000000e+04 1.230000000000000000e+02
8.779999999999999361e+00 1.847169976404208769e-02 2.309000000000000000e+04 1.220000000000000000e+02
8.800000000000000711e+00 1.758970862155841489e-02 2.288100000000000000e+04 1.210000000000000000e+02
8.820000000000000284e+00 1.684870648153423758e-02 2.266600000000000000e+04 1.200000000000000000e+02
8.839999999999999858e+00 1.539091684649129647e-02 2.246500000000000000e+04 1.190000000000000000e+02
8.859999999999999432e+00 1.433650195992210510e-02 2.224700000000000000e+04 1.180000000000000000e+02
8.880000000000000782e+00 1.217980292912049928e-02 2.204200000000000000e+04 1.170000000000000000e+02
8.900000000000000355e+00 1.151921078706494121e-02 2.184900000000000000e+04 1.160000000000000000e+02
8.919999999999999929e+00 1.046813185973530756e-02 2.164500000000000000e+04 1.150000000000000000e+02
8.939999999999999503e+00 9.400092734857678697e-03 2.146300000000000000e+04 1.140000000000000000e+02
8.960000000000000853e+00 9.678920304804659522e-03 2.126400000000000000e+04 1.130000000000000000e+02
8.980000000000000426e+00 9.317698349697608670e-03 2.107200000000000000e+04 1.120000000000000000e+02
9.000000000000000000e+00 8.005422014713395318e-03 2.087900000000000000e+04 1.110000000000000000e+02
9.019999999999999574e+00 8.408975999188583392e-03 2.069800000000000000e+04 1.100000000000000000e+02
9.040000000000000924e+00 7.388495054930375484e-03 2.049800000000000000e+04 1.090000000000000000e+02
9.060000000000000497e+00 5.809252619874266492e-03 2.029600000000000000e+04 1.080000000000000000e+02
9.080000000000000071e+00 5.363451192608358932e-03 2.009000000000000000e+04 1.070000000000000000e+02
9.099999999999999645e+00 5.941860292517062853e-03 1.988400000000000000e+04 1.060000000000000000e+02
9.120000000000000995e+00 5.806845411913680831e-03 1.968100000000000000e+04 1.050000000000000000e+02
9.140000000000000568e+00 4.570511420691756796e-03 1.948400000000000000e+04 1.040000000000000000e+02
9.160000000000000142e+00 3.323016495621670691e-03 1.930500000000000000e+04 1.030000000000000000e+02
9.179999999999999716e+00 3.292105434910343447e-03 1.912300000000000000e+04 1.020000000000000000e+02
9.200000000000001066e+00 3.438352204709876642e-03 1.893200000000000000e+04 1.010000000000000000e+02
9.220000000000000639e+00 3.286357381712790016e-03 1.872800000000000000e+04 1.000000000000000000e+02
9.240000000000000213e+00 2.676027543709278214e-03 1.856400000000000000e+04 9.900000000000000000e+01
9.259999999999999787e+00 1.591387854091802154e-03 1.837400000000000000e+04 9.800000000000000000e+01
9.279999999999999361e+00 1.608649619164050299e-03 1.818500000000000000e+04 9.700000000000000000e+01
9.300000000000000711e+00 8.154019347824888230e-04 1.799300000000000000e+04 9.600000000000000000e+01
9.320000000000000284e+00 3.688975548527862500e-04 1.780400000000000000e+04 9.500000000000000000e+01
9.339999999999999858e+00 2.201239641682978200e-04 1.761600000000000000e+04 9.400000000000000000e+01
9.359999999999999432e+00 -1.385229690038684370e-03 1.742200000000000000e+04 9.300000000000000000e+01
9.380000000000000782e+00 -2.222377356304633140e-03 1.723400000000000000e+04 9.200000000000000000e+01
9.400000000000000355e+00 -3.546068548896778166e-03 1.704500000000000000e+04 9.100000000000000000e+01
9.419999999999999929e+00 -3.949612950216992678e-03 1.683900000000000000e+04 9.000000000000000000e+01
9.439999999999999503e+00 -4.840930231245495208e-03 1.663200000000000000e+04 8.900000000000000000e+01
9.460000000000000853e+00 -6.294755442293244532e-03 1.642800000000000000e+04 8.800000000000000000e+01
9.480000000000000426e+00 -7.817948206272899714e-03 1.621500000000000000e+04 8.700000000000000000e+01
9.500000000000000000e+00 -8.429588488684058509e-03 1.601000000000000000e+04 8.600000000000000000e+01
9.519999999999999574e+00 -8.757958124487643867e-03 1.581400000000000000e+04 8.500000000000000000e+01
9.540000000000000924e+00 -9.066862291554837749e-03 1.559100000000000000e+04 8.400000000000000000e+01
9.560000000000000497e+00 -1.061865389793475480e-02 1.540000000000000000e+04 8.300000000000000000e+01
9.580000000000000071e+00 -1.186142689197560232e-02 1.519700000000000000e+04 8.200000000000000000e+01
9.599999999999999645e+00 -1.206073763326227614e-02 1.500700000000000000e+04 8.100000000000000000e+01
9.620000000000000995e+00 -1.346563702722138045e-02 1.482200000000000000e+04 8.000000000000000000e+01
9.640000000000000568e+00 -1.342855761933403787e-02 1.463700000000000000e+04 7.900000000000000000e+01
9.660000000000000142e+00 -1.565380989955955648e-02 1.445400000000000000e+04 7.800000000000000000e+01
9.679999999999999716e+00 -1.570069562487227954e-02 1.428800000000000000e+04 7.700000000000000000e+01
9.700000000000001066e+00 -1.483432767676643588e-02 1.411600000000000000e+04 7.600000000000000000e+01
9.720000000000000639e+00 -1.582307030777821075e-02 1.394900000000000000e+04 7.500000000000000000e+01
9.740000000000000213e+00 -1.643835449798850684e-02 1.376500000000000000e+04 7.400000000000000000e+01
9.759999999999999787e+00 -1.479187424724432570e-02 1.358900000000000000e+04 7.300000000000000000e+01
9.779999999999999361e+00 -1.427036381298855267e-02 1.340700000000000000e+04 7.200000000000000000e+01
9.800000000000000711e+00 -1.364407014566642456e-02 1.322900000000000000e+04 7.100000000000000000e+01
9.820000000000000284e+00 -1.391456548298955313e-02 1.305100000000000000e+04 7.000000000000000000e+01
9.839999999999999858e+00 -1.385614967814561595e-02 1.288100000000000000e+04 6.900000000000000000e+01
9.859999999999999432e+00 -1.381235467295255023e-02 1.269200000000000000e+04 6.800000000000000000e+01
9.880000000000000782e+00 -1.481659193231283506e-02 1.251300000000000000e+04 6.700000000000000000e+01
9.900000000000000355e+00 -1.436487581110060946e-02 1.233500000000000000e+04 6.600000000000000000e+01
9.919999999999999929e+00 -1.419003191472772984e-02 1.216400000000000000e+04 6.500000000000000000e+01
9.939999999999999503e+00 -1.442524029372847967e-02 1.199000000000000000e+04 6.400000000000000000e+01
9.960000000000000853e+00 -1.589386865233977097e-02 1.181300000000000000e+04 6.300000000000000000e+01
9.980000000000000426e+00 -1.808154434067810526e-02 1.163100000000000000e+04 6.200000000000000000e+01
1.000000000000000000e+01 -1.946748125275712255e-02 1.144500000000000000e+04 6.100000000000000000e+01
