# t_ps C_rot pair_count t0_count label="$5$-$10\,\AA$" color="#845B97"
0.000000000000000000e+00 1.000000000000000000e+00 5.855124000000000000e+06 5.000000000000000000e+03
2.000000000000000042e-02 9.163927318620838092e-01 5.736644000000000000e+06 4.999000000000000000e+03
4.000000000000000083e-02 8.809240033834931927e-01 5.688253000000000000e+06 4.998000000000000000e+03
5.999999999999999778e-02 8.772457224153481503e-01 5.662693000000000000e+06 4.997000000000000000e+03
8.000000000000000167e-02 8.697727908144493592e-01 5.638578000000000000e+06 4.996000000000000000e+03
1.000000000000000056e-01 8.544237672604173550e-01 5.616113000000000000e+06 4.995000000000000000e+03
1.199999999999999956e-01 8.415302218687440439e-01 5.594351000000000000e+06 4.994000000000000000e+03
1.400000000000000133e-01 8.289104323439734356e-01 5.573298000000000000e+06 4.993000000000000000e+03
1.600000000000000033e-01 8.186947757074040100e-01 5.554223000000000000e+06 4.992000000000000000e+03
1.799999999999999933e-01 8.069199650648325450e-01 5.536170000000000000e+06 4.991000000000000000e+03
2.000000000000000111e-01 7.965382863470356067e-01 5.520328000000000000e+06 4.990000000000000000e+03
2.200000000000000011e-01 7.862736440378841341e-01 5.506312000000000000e+06 4.989000000000000000e+03
2.399999999999999911e-01 7.770417195243463082e-01 5.493010000000000000e+06 4.988000000000000000e+03
2.600000000000000089e-01 7.677150670376411412e-01 5.479843000000000000e+06 4.987000000000000000e+03
2.800000000000000266e-01 7.589087059066188523e-01 5.467758000000000000e+06 4.986000000000000000e+03
2.999999999999999889e-01 7.504145498549892324e-01 5.456855000000000000e+06 4.985000000000000000e+03
3.200000000000000067e-01 7.422433894225252127e-01 5.446648000000000000e+06 4.984000000000000000e+03
3.400000000000000244e-01 7.343173427063891534e-01 5.437161000000000000e+06 4.983000000000000000e+03
3.599999999999999867e-01 7.265194585765238910e-01 5.427714000000000000e+06 4.982000000000000000e+03
3.800000000000000044e-01 7.191205437659398125e-01 5.418734000000000000e+06 4.981000000000000000e+03
4.000000000000000222e-01 7.119347107346118975e-01 5.410289000000000000e+06 4.980000000000000000e+03
4.199999999999999845e-01 7.049598743612338625e-01 5.402000000000000000e+06 4.979000000000000000e+03
4.400000000000000022e-01 6.981409982548248960e-01 5.394314000000000000e+06 4.978000000000000000e+03
4.600000000000000200e-01 6.915009490242715051e-01 5.386875000000000000e+06 4.977000000000000000e+03
4.799999999999999822e-01 6.850108987639860203e-01 5.379633000000000000e+06 4.976000000000000000e+03
5.000000000000000000e-01 6.786845764839672945e-01 5.372667000000000000e+06 4.975000000000000000e+03
5.200000000000000178e-01 6.724915142975458338e-01 5.365725000000000000e+06 4.974000000000000000e+03
5.400000000000000355e-01 6.663967936255188462e-01 5.358714000000000000e+06 4.973000000000000000e+03
5.600000000000000533e-01 6.602795569090048611e-01 5.352155000000000000e+06 4.972000000000000000e+03
5.799999999999999600e-01 6.542780627477714495e-01 5.345973000000000000e+06 4.971000000000000000e+03
5.999999999999999778e-01 6.484178774659753453e-01 5.339849000000000000e+06 4.970000000000000000e+03
6.199999999999999956e-01 6.427000708362609060e-01 5.333714000000000000e+06 4.969000000000000000e+03
6.400000000000000133e-01 6.369914952947908215e-01 5.327816000000000000e+06 4.968000000000000000e+03
6.600000000000000311e-01 6.314274285377072804e-01 5.321921000000000000e+06 4.967000000000000000e+03
6.800000000000000488e-01 6.259094652445621465e-01 5.316167000000000000e+06 4.966000000000000000e+03
7.000000000000000666e-01 6.204240023456299991e-01 5.310642000000000000e+06 4.965000000000000000e+03
7.199999999999999734e-01 6.149718309589098375e-01 5.305084000000000000e+06 4.964000000000000000e+03
7.399999999999999911e-01 6.096217624672981561e-01 5.299492000000000000e+06 4.963000000000000000e+03
7.600000000000000089e-01 6.044403165135547873e-01 5.294202000000000000e+06 4.962000000000000000e+03
7.800000000000000266e-01 5.991945272380577725e-01 5.288923000000000000e+06 4.961000000000000000e+03
8.000000000000000444e-01 5.940124752951367881e-01 5.283809000000000000e+06 4.960000000000000000e+03
8.200000000000000622e-01 5.889623051671155629e-01 5.278589000000000000e+06 4.959000000000000000e+03
8.399999999999999689e-01 5.838851595947455175e-01 5.273499000000000000e+06 4.958000000000000000e+03
8.599999999999999867e-01 5.788837425033788175e-01 5.268505000000000000e+06 4.957000000000000000e+03
8.800000000000000044e-01 5.739781124728796646e-01 5.263494000000000000e+06 4.956000000000000000e+03
9.000000000000000222e-01 5.691122750807642294e-01 5.258418000000000000e+06 4.955000000000000000e+03
9.200000000000000400e-01 5.642513374983979535e-01 5.253720000000000000e+06 4.954000000000000000e+03
9.400000000000000577e-01 5.596008600072487349e-01 5.248934000000000000e+06 4.953000000000000000e+03
9.599999999999999645e-01 5.549267891677962528e-01 5.243955000000000000e+06 4.952000000000000000e+03
9.799999999999999822e-01 5.503377069315699144e-01 5.239209000000000000e+06 4.951000000000000000e+03
1.000000000000000000e+00 5.457551456467009121e-01 5.234541000000000000e+06 4.950000000000000000e+03
1.020000000000000018e+00 5.412773377979031020e-01 5.229922000000000000e+06 4.949000000000000000e+03
1.040000000000000036e+00 5.368119263995768664e-01 5.225208000000000000e+06 4.948000000000000000e+03
1.060000000000000053e+00 5.324452686831342429e-01 5.220608000000000000e+06 4.947000000000000000e+03
1.080000000000000071e+00 5.281768864696467780e-01 5.216127000000000000e+06 4.946000000000000000e+03
1.100000000000000089e+00 5.238950114210052522e-01 5.211742000000000000e+06 4.945000000000000000e+03
1.120000000000000107e+00 5.196178004962713759e-01 5.207265000000000000e+06 4.944000000000000000e+03
1.140000000000000124e+00 5.153502397263699519e-01 5.202886000000000000e+06 4.943000000000000000e+03
1.159999999999999920e+00 5.112065718552480931e-01 5.198303000000000000e+06 4.942000000000000000e+03
1.179999999999999938e+00 5.070893708530245236e-01 5.194120000000000000e+06 4.941000000000000000e+03
1.199999999999999956e+00 5.030063598917996481e-01 5.190009000000000000e+06 4.940000000000000000e+03
1.219999999999999973e+00 4.989545693808254412e-01 5.185774000000000000e+06 4.939000000000000000e+03
1.239999999999999991e+00 4.949537424443872236e-01 5.181467000000000000e+06 4.938000000000000000e+03
1.260000000000000009e+00 4.909197710545558646e-01 5.177194000000000000e+06 4.937000000000000000e+03
1.280000000000000027e+00 4.869399940643192592e-01 5.173092000000000000e+06 4.936000000000000000e+03
1.300000000000000044e+00 4.829604375439999209e-01 5.169021000000000000e+06 4.935000000000000000e+03
1.320000000000000062e+00 4.790876055498229924e-01 5.164981000000000000e+06 4.934000000000000000e+03
1.340000000000000080e+00 4.752682978988844731e-01 5.160743000000000000e+06 4.933000000000000000e+03
1.360000000000000098e+00 4.714696687966903887e-01 5.156623000000000000e+06 4.932000000000000000e+03
1.380000000000000115e+00 4.676775790692438983e-01 5.152621000000000000e+06 4.931000000000000000e+03
1.400000000000000133e+00 4.639277090384152924e-01 5.148714000000000000e+06 4.930000000000000000e+03
1.419999999999999929e+00 4.602314644825356571e-01 5.144703000000000000e+06 4.929000000000000000e+03
1.439999999999999947e+00 4.566087367207577463e-01 5.140658000000000000e+06 4.928000000000000000e+03
1.459999999999999964e+00 4.529987888210236235e-01 5.136616000000000000e+06 4.927000000000000000e+03
1.479999999999999982e+00 4.494277436709801510e-01 5.132792000000000000e+06 4.926000000000000000e+03
1.500000000000000000e+00 4.458869881501532073e-01 5.129158000000000000e+06 4.925000000000000000e+03
1.520000000000000018e+00 4.424115244406968128e-01 5.125424000000000000e+06 4.924000000000000000e+03
1.540000000000000036e+00 4.389997139590665620e-01 5.121544000000000000e+06 4.923000000000000000e+03
1.560000000000000053e+00 4.356186112229887275e-01 5.117938000000000000e+06 4.922000000000000000e+03
1.580000000000000071e+00 4.322038985347326223e-01 5.114348000000000000e+06 4.921000000000000000e+03
1.600000000000000089e+00 4.288571951097250867e-01 5.110678000000000000e+06 4.920000000000000000e+03
1.620000000000000107e+00 4.255079830353934445e-01 5.107029000000000000e+06 4.919000000000000000e+03
1.640000000000000124e+00 4.222983090150088659e-01 5.103454000000000000e+06 4.918000000000000000e+03
1.660000000000000142e+00 4.190161094192356162e-01 5.099664000000000000e+06 4.917000000000000000e+03
1.679999999999999938e+00 4.157496072756578509e-01 5.096098000000000000e+06 4.916000000000000000e+03
1.699999999999999956e+00 4.124563971091275150e-01 5.092466000000000000e+06 4.915000000000000000e+03
1.719999999999999973e+00 4.092617065000073717e-01 5.088922000000000000e+06 4.914000000000000000e+03
1.739999999999999991e+00 4.061137595039465698e-01 5.085326000000000000e+06 4.913000000000000000e+03
1.760000000000000009e+00 4.030038835587698709e-01 5.081823000000000000e+06 4.912000000000000000e+03
1.780000000000000027e+00 3.998530716374284477e-01 5.077964000000000000e+06 4.911000000000000000e+03
1.800000000000000044e+00 3.967902043844364623e-01 5.074502000000000000e+06 4.910000000000000000e+03
1.820000000000000062e+00 3.937587139684693982e-01 5.070945000000000000e+06 4.909000000000000000e+03
1.840000000000000080e+00 3.907191777748633688e-01 5.067213000000000000e+06 4.908000000000000000e+03
1.860000000000000098e+00 3.877340076320573425e-01 5.063742000000000000e+06 4.907000000000000000e+03
1.880000000000000115e+00 3.847780902345755982e-01 5.060093000000000000e+06 4.906000000000000000e+03
1.900000000000000133e+00 3.818668611560338544e-01 5.056662000000000000e+06 4.905000000000000000e+03
1.919999999999999929e+00 3.789733120927926691e-01 5.053251000000000000e+06 4.904000000000000000e+03
1.939999999999999947e+00 3.760933091769838588e-01 5.049712000000000000e+06 4.903000000000000000e+03
1.959999999999999964e+00 3.732410322488963206e-01 5.046306000000000000e+06 4.902000000000000000e+03
1.979999999999999982e+00 3.704816383721465933e-01 5.042842000000000000e+06 4.901000000000000000e+03
2.000000000000000000e+00 3.677398092413601827e-01 5.039530000000000000e+06 4.900000000000000000e+03
2.020000000000000018e+00 3.649807821721509082e-01 5.036137000000000000e+06 4.899000000000000000e+03
2.040000000000000036e+00 3.621783851033185120e-01 5.032993000000000000e+06 4.898000000000000000e+03
2.060000000000000053e+00 3.595807228007198986e-01 5.029705000000000000e+06 4.897000000000000000e+03
2.080000000000000071e+00 3.568998824823390037e-01 5.026506000000000000e+06 4.896000000000000000e+03
2.100000000000000089e+00 3.542650200902675572e-01 5.023279000000000000e+06 4.895000000000000000e+03
2.120000000000000107e+00 3.516289066382511930e-01 5.020113000000000000e+06 4.894000000000000000e+03
2.140000000000000124e+00 3.490450092288799322e-01 5.016889000000000000e+06 4.893000000000000000e+03
2.160000000000000142e+00 3.464454261589680062e-01 5.013913000000000000e+06 4.892000000000000000e+03
2.180000000000000160e+00 3.438858409334246691e-01 5.010637000000000000e+06 4.891000000000000000e+03
2.200000000000000178e+00 3.413147447430759374e-01 5.007589000000000000e+06 4.890000000000000000e+03
2.220000000000000195e+00 3.387734384828143819e-01 5.004433000000000000e+06 4.889000000000000000e+03
2.240000000000000213e+00 3.362461932397625142e-01 5.001328000000000000e+06 4.888000000000000000e+03
2.260000000000000231e+00 3.336949139862727121e-01 4.998195000000000000e+06 4.887000000000000000e+03
2.280000000000000249e+00 3.312017933545076120e-01 4.995202000000000000e+06 4.886000000000000000e+03
2.300000000000000266e+00 3.287633635854704806e-01 4.991972000000000000e+06 4.885000000000000000e+03
2.319999999999999840e+00 3.263500196493457906e-01 4.988904000000000000e+06 4.884000000000000000e+03
2.339999999999999858e+00 3.240078068652119669e-01 4.985814000000000000e+06 4.883000000000000000e+03
2.359999999999999876e+00 3.216152992534648813e-01 4.982809000000000000e+06 4.882000000000000000e+03
2.379999999999999893e+00 3.193069564224941814e-01 4.979760000000000000e+06 4.881000000000000000e+03
2.399999999999999911e+00 3.169807458345375584e-01 4.976800000000000000e+06 4.880000000000000000e+03
2.419999999999999929e+00 3.145894033922698174e-01 4.973752000000000000e+06 4.879000000000000000e+03
2.439999999999999947e+00 3.122426817533978660e-01 4.970859000000000000e+06 4.878000000000000000e+03
2.459999999999999964e+00 3.099806318769135483e-01 4.967815000000000000e+06 4.877000000000000000e+03
2.479999999999999982e+00 3.077020287142832045e-01 4.964955000000000000e+06 4.876000000000000000e+03
2.500000000000000000e+00 3.055101981126774335e-01 4.961998000000000000e+06 4.875000000000000000e+03
2.520000000000000018e+00 3.033184542274428575e-01 4.959073000000000000e+06 4.874000000000000000e+03
2.540000000000000036e+00 3.010427268147694013e-01 4.956095000000000000e+06 4.873000000000000000e+03
2.560000000000000053e+00 2.988226765058296097e-01 4.953254000000000000e+06 4.872000000000000000e+03
2.580000000000000071e+00 2.967500944523521755e-01 4.950160000000000000e+06 4.871000000000000000e+03
2.600000000000000089e+00 2.946220218616018571e-01 4.947247000000000000e+06 4.870000000000000000e+03
2.620000000000000107e+00 2.924583196638004257e-01 4.944331000000000000e+06 4.869000000000000000e+03
2.640000000000000124e+00 2.901895463661721131e-01 4.941391000000000000e+06 4.868000000000000000e+03
2.660000000000000142e+00 2.881430738766572741e-01 4.938721000000000000e+06 4.867000000000000000e+03
2.680000000000000160e+00 2.861184168201899580e-01 4.935994000000000000e+06 4.866000000000000000e+03
2.700000000000000178e+00 2.840204515124901130e-01 4.933074000000000000e+06 4.865000000000000000e+03
2.720000000000000195e+00 2.820110856415770639e-01 4.930163000000000000e+06 4.864000000000000000e+03
2.740000000000000213e+00 2.799692564444967724e-01 4.927322000000000000e+06 4.863000000000000000e+03
2.760000000000000231e+00 2.779589763720714535e-01 4.924573000000000000e+06 4.862000000000000000e+03
2.780000000000000249e+00 2.760325314673928720e-01 4.921720000000000000e+06 4.861000000000000000e+03
2.800000000000000266e+00 2.739541777565504543e-01 4.918983000000000000e+06 4.860000000000000000e+03
2.819999999999999840e+00 2.720855639210204013e-01 4.916087000000000000e+06 4.859000000000000000e+03
2.839999999999999858e+00 2.701458048185091387e-01 4.913325000000000000e+06 4.858000000000000000e+03
2.859999999999999876e+00 2.681779930564723302e-01 4.910524000000000000e+06 4.857000000000000000e+03
2.879999999999999893e+00 2.662401193935632904e-01 4.907662000000000000e+06 4.856000000000000000e+03
2.899999999999999911e+00 2.643652664750759107e-01 4.904831000000000000e+06 4.855000000000000000e+03
2.919999999999999929e+00 2.625316852080843977e-01 4.902048000000000000e+06 4.854000000000000000e+03
2.939999999999999947e+00 2.606698995903698468e-01 4.899293000000000000e+06 4.853000000000000000e+03
2.959999999999999964e+00 2.587734484513931066e-01 4.896357000000000000e+06 4.852000000000000000e+03
2.979999999999999982e+00 2.568731892529220184e-01 4.893570000000000000e+06 4.851000000000000000e+03
3.000000000000000000e+00 2.549843721608545111e-01 4.890755000000000000e+06 4.850000000000000000e+03
3.020000000000000018e+00 2.531653228066379491e-01 4.888061000000000000e+06 4.849000000000000000e+03
3.040000000000000036e+00 2.514652707100945017e-01 4.885306000000000000e+06 4.848000000000000000e+03
3.060000000000000053e+00 2.497001813105797496e-01 4.882463000000000000e+06 4.847000000000000000e+03
3.080000000000000071e+00 2.479560914583189835e-01 4.879641000000000000e+06 4.846000000000000000e+03
3.100000000000000089e+00 2.461631774877595380e-01 4.876951000000000000e+06 4.845000000000000000e+03
3.120000000000000107e+00 2.444333351316608782e-01 4.874082000000000000e+06 4.844000000000000000e+03
3.140000000000000124e+00 2.427862600676774507e-01 4.871045000000000000e+06 4.843000000000000000e+03
3.160000000000000142e+00 2.411427396137002799e-01 4.868314000000000000e+06 4.842000000000000000e+03
3.180000000000000160e+00 2.394863309084510616e-01 4.865635000000000000e+06 4.841000000000000000e+03
3.200000000000000178e+00 2.378622178218908201e-01 4.862998000000000000e+06 4.840000000000000000e+03
3.220000000000000195e+00 2.362797660000466038e-01 4.860138000000000000e+06 4.839000000000000000e+03
3.240000000000000213e+00 2.346493381713810888e-01 4.857387000000000000e+06 4.838000000000000000e+03
3.260000000000000231e+00 2.329668863679041080e-01 4.854674000000000000e+06 4.837000000000000000e+03
3.280000000000000249e+00 2.314491227694440434e-01 4.852037000000000000e+06 4.836000000000000000e+03
3.300000000000000266e+00 2.298989051675925654e-01 4.849297000000000000e+06 4.835000000000000000e+03
3.320000000000000284e+00 2.283744806476555866e-01 4.846788000000000000e+06 4.834000000000000000e+03
3.339999999999999858e+00 2.268004080127137834e-01 4.844089000000000000e+06 4.833000000000000000e+03
3.359999999999999876e+00 2.253047499386645336e-01 4.841509000000000000e+06 4.832000000000000000e+03
3.379999999999999893e+00 2.238324133999392840e-01 4.838706000000000000e+06 4.831000000000000000e+03
3.399999999999999911e+00 2.222813795179459373e-01 4.836066000000000000e+06 4.830000000000000000e+03
3.419999999999999929e+00 2.207429007254219366e-01 4.833408000000000000e+06 4.829000000000000000e+03
3.439999999999999947e+00 2.192483021437623969e-01 4.830848000000000000e+06 4.828000000000000000e+03
3.459999999999999964e+00 2.177586467872662801e-01 4.828129000000000000e+06 4.827000000000000000e+03
3.479999999999999982e+00 2.163313167531581427e-01 4.825598000000000000e+06 4.826000000000000000e+03
3.500000000000000000e+00 2.148590960180247200e-01 4.823183000000000000e+06 4.825000000000000000e+03
3.520000000000000018e+00 2.134432483382556756e-01 4.820650000000000000e+06 4.824000000000000000e+03
3.540000000000000036e+00 2.120629875062661762e-01 4.818097000000000000e+06 4.823000000000000000e+03
3.560000000000000053e+00 2.107311645787041943e-01 4.815510000000000000e+06 4.822000000000000000e+03
3.580000000000000071e+00 2.093763977217960315e-01 4.813092000000000000e+06 4.821000000000000000e+03
3.600000000000000089e+00 2.078823077088901572e-01 4.810703000000000000e+06 4.820000000000000000e+03
3.620000000000000107e+00 2.064658340601371322e-01 4.808269000000000000e+06 4.819000000000000000e+03
3.640000000000000124e+00 2.050880437552943802e-01 4.805820000000000000e+06 4.818000000000000000e+03
3.660000000000000142e+00 2.036521100804698226e-01 4.803457000000000000e+06 4.817000000000000000e+03
3.680000000000000160e+00 2.022956914687394081e-01 4.801073000000000000e+06 4.816000000000000000e+03
3.700000000000000178e+00 2.009375719838684959e-01 4.798725000000000000e+06 4.815000000000000000e+03
3.720000000000000195e+00 1.996179646795457618e-01 4.796315000000000000e+06 4.814000000000000000e+03
3.740000000000000213e+00 1.982497148279232513e-01 4.793975000000000000e+06 4.813000000000000000e+03
3.760000000000000231e+00 1.969265976113850070e-01 4.791591000000000000e+06 4.812000000000000000e+03
3.780000000000000249e+00 1.955931842886371730e-01 4.789254000000000000e+06 4.811000000000000000e+03
3.800000000000000266e+00 1.942188791905019307e-01 4.786796000000000000e+06 4.810000000000000000e+03
3.820000000000000284e+00 1.929165571294234605e-01 4.784419000000000000e+06 4.809000000000000000e+03
3.839999999999999858e+00 1.916144355075433403e-01 4.781965000000000000e+06 4.808000000000000000e+03
3.859999999999999876e+00 1.903225971899427937e-01 4.779438000000000000e+06 4.807000000000000000e+03
3.879999999999999893e+00 1.890456734533750016e-01 4.776962000000000000e+06 4.806000000000000000e+03
3.899999999999999911e+00 1.877511251772315537e-01 4.774495000000000000e+06 4.805000000000000000e+03
3.919999999999999929e+00 1.864892888724560271e-01 4.772157000000000000e+06 4.804000000000000000e+03
3.939999999999999947e+00 1.852617274015170012e-01 4.769797000000000000e+06 4.803000000000000000e+03
3.959999999999999964e+00 1.840808297918329617e-01 4.767390000000000000e+06 4.802000000000000000e+03
3.979999999999999982e+00 1.828407638064013518e-01 4.764888000000000000e+06 4.801000000000000000e+03
4.000000000000000000e+00 1.816010003247844340e-01 4.762525000000000000e+06 4.800000000000000000e+03
4.020000000000000462e+00 1.804073043328214554e-01 4.760227000000000000e+06 4.799000000000000000e+03
4.040000000000000036e+00 1.791815529659387396e-01 4.757856000000000000e+06 4.798000000000000000e+03
4.060000000000000497e+00 1.779842427427532348e-01 4.755379000000000000e+06 4.797000000000000000e+03
4.080000000000000071e+00 1.767814991263061963e-01 4.753031000000000000e+06 4.796000000000000000e+03
4.099999999999999645e+00 1.756469582020506737e-01 4.750609000000000000e+06 4.795000000000000000e+03
4.120000000000000107e+00 1.744940640223299755e-01 4.748216000000000000e+06 4.794000000000000000e+03
4.139999999999999680e+00 1.732683038122851960e-01 4.745719000000000000e+06 4.793000000000000000e+03
4.160000000000000142e+00 1.721121587742861503e-01 4.743297000000000000e+06 4.792000000000000000e+03
4.179999999999999716e+00 1.709525926951155350e-01 4.740860000000000000e+06 4.791000000000000000e+03
4.200000000000000178e+00 1.697924272966218895e-01 4.738418000000000000e+06 4.790000000000000000e+03
4.219999999999999751e+00 1.686554461522765946e-01 4.736010000000000000e+06 4.789000000000000000e+03
4.240000000000000213e+00 1.675249367224947439e-01 4.733559000000000000e+06 4.788000000000000000e+03
4.259999999999999787e+00 1.664350259277015964e-01 4.731107000000000000e+06 4.787000000000000000e+03
4.280000000000000249e+00 1.653608023821820372e-01 4.728669000000000000e+06 4.786000000000000000e+03
4.299999999999999822e+00 1.642720381470651192e-01 4.726417000000000000e+06 4.785000000000000000e+03
4.320000000000000284e+00 1.631448604675725111e-01 4.724027000000000000e+06 4.784000000000000000e+03
4.339999999999999858e+00 1.620553593065455766e-01 4.721712000000000000e+06 4.783000000000000000e+03
4.360000000000000320e+00 1.609848319736003064e-01 4.719605000000000000e+06 4.782000000000000000e+03
4.379999999999999893e+00 1.598744447658418388e-01 4.717313000000000000e+06 4.781000000000000000e+03
4.400000000000000355e+00 1.587778647516867314e-01 4.715015000000000000e+06 4.780000000000000000e+03
4.419999999999999929e+00 1.576371578776004090e-01 4.713080000000000000e+06 4.779000000000000000e+03
4.440000000000000391e+00 1.565401368634051216e-01 4.710864000000000000e+06 4.778000000000000000e+03
4.459999999999999964e+00 1.554696656975746993e-01 4.708553000000000000e+06 4.777000000000000000e+03
4.480000000000000426e+00 1.544640827832399477e-01 4.706313000000000000e+06 4.776000000000000000e+03
4.500000000000000000e+00 1.533778062754984628e-01 4.703983000000000000e+06 4.775000000000000000e+03
4.520000000000000462e+00 1.523534342677136944e-01 4.701734000000000000e+06 4.774000000000000000e+03
4.540000000000000036e+00 1.513453434429558042e-01 4.699582000000000000e+06 4.773000000000000000e+03
4.560000000000000497e+00 1.503352803790560799e-01 4.697291000000000000e+06 4.772000000000000000e+03
4.580000000000000071e+00 1.493342024063235851e-01 4.694865000000000000e+06 4.771000000000000000e+03
4.600000000000000533e+00 1.483373321516579246e-01 4.692657000000000000e+06 4.770000000000000000e+03
4.620000000000000107e+00 1.472949715871667842e-01 4.690559000000000000e+06 4.769000000000000000e+03
4.639999999999999680e+00 1.462544631399163297e-01 4.688384000000000000e+06 4.768000000000000000e+03
4.660000000000000142e+00 1.451930514520234083e-01 4.686306000000000000e+06 4.767000000000000000e+03
4.679999999999999716e+00 1.442654912133781442e-01 4.684148000000000000e+06 4.766000000000000000e+03
4.700000000000000178e+00 1.433168961986870105e-01 4.681900000000000000e+06 4.765000000000000000e+03
4.719999999999999751e+00 1.423308284486199948e-01 4.679780000000000000e+06 4.764000000000000000e+03
4.740000000000000213e+00 1.412934288087702439e-01 4.677569000000000000e+06 4.763000000000000000e+03
4.759999999999999787e+00 1.403980760731613209e-01 4.675189000000000000e+06 4.762000000000000000e+03
4.780000000000000249e+00 1.393893034837683786e-01 4.672912000000000000e+06 4.761000000000000000e+03
4.799999999999999822e+00 1.384389256934792645e-01 4.670726000000000000e+06 4.760000000000000000e+03
4.820000000000000284e+00 1.374678892173365197e-01 4.668579000000000000e+06 4.759000000000000000e+03
4.839999999999999858e+00 1.364509568250477367e-01 4.666308000000000000e+06 4.758000000000000000e+03
4.860000000000000320e+00 1.355515789013689298e-01 4.664081000000000000e+06 4.757000000000000000e+03
4.879999999999999893e+00 1.346707887324795627e-01 4.661871000000000000e+06 4.756000000000000000e+03
4.900000000000000355e+00 1.337710718856846004e-01 4.659663000000000000e+06 4.755000000000000000e+03
4.919999999999999929e+00 1.328137866900173936e-01 4.657418000000000000e+06 4.754000000000000000e+03
4.940000000000000391e+00 1.319095073531418028e-01 4.655274000000000000e+06 4.753000000000000000e+03
4.959999999999999964e+00 1.309933527313522639e-01 4.653088000000000000e+06 4.752000000000000000e+03
4.980000000000000426e+00 1.300978448736706539e-01 4.650960000000000000e+06 4.751000000000000000e+03
5.000000000000000000e+00 1.292296957532384771e-01 4.648776000000000000e+06 4.750000000000000000e+03
5.020000000000000462e+00 1.283318139725928841e-01 4.646528000000000000e+06 4.749000000000000000e+03
5.040000000000000036e+00 1.275022912627578608e-01 4.644221000000000000e+06 4.748000000000000000e+03
5.060000000000000497e+00 1.267390803891270401e-01 4.642067000000000000e+06 4.747000000000000000e+03
5.080000000000000071e+00 1.258654074509195642e-01 4.640063000000000000e+06 4.746000000000000000e+03
5.100000000000000533e+00 1.250936313121011334e-01 4.637955000000000000e+06 4.745000000000000000e+03
5.120000000000000107e+00 1.243186120392635458e-01 4.635764000000000000e+06 4.744000000000000000e+03
5.139999999999999680e+00 1.235468176572719901e-01 4.633640000000000000e+06 4.743000000000000000e+03
5.160000000000000142e+00 1.227508983113145963e-01 4.631642000000000000e+06 4.742000000000000000e+03
5.179999999999999716e+00 1.220158282560523666e-01 4.629633000000000000e+06 4.741000000000000000e+03
5.200000000000000178e+00 1.212355401781337882e-01 4.627576000000000000e+06 4.740000000000000000e+03
5.219999999999999751e+00 1.204161307046007212e-01 4.625463000000000000e+06 4.739000000000000000e+03
5.240000000000000213e+00 1.196581367656463224e-01 4.623321000000000000e+06 4.738000000000000000e+03
5.259999999999999787e+00 1.189245789472265086e-01 4.621236000000000000e+06 4.737000000000000000e+03
5.280000000000000249e+00 1.181938059879953651e-01 4.619214000000000000e+06 4.736000000000000000e+03
5.299999999999999822e+00 1.174483227271911900e-01 4.617173000000000000e+06 4.735000000000000000e+03
5.320000000000000284e+00 1.167640920699826168e-01 4.615111000000000000e+06 4.734000000000000000e+03
5.339999999999999858e+00 1.160334916147599954e-01 4.613045000000000000e+06 4.733000000000000000e+03
5.360000000000000320e+00 1.152029875719011026e-01 4.610963000000000000e+06 4.732000000000000000e+03
5.379999999999999893e+00 1.144735458413324580e-01 4.608901000000000000e+06 4.731000000000000000e+03
5.400000000000000355e+00 1.137570053393911346e-01 4.606843000000000000e+06 4.730000000000000000e+03
5.419999999999999929e+00 1.129840210875825840e-01 4.604691000000000000e+06 4.729000000000000000e+03
5.440000000000000391e+00 1.122780274183783622e-01 4.602653000000000000e+06 4.728000000000000000e+03
5.459999999999999964e+00 1.115891541159331757e-01 4.600731000000000000e+06 4.727000000000000000e+03
5.480000000000000426e+00 1.108403146071859358e-01 4.598676000000000000e+06 4.726000000000000000e+03
5.500000000000000000e+00 1.100914542444310223e-01 4.596667000000000000e+06 4.725000000000000000e+03
5.520000000000000462e+00 1.094987048005313796e-01 4.594680000000000000e+06 4.724000000000000000e+03
5.540000000000000036e+00 1.088292344884326246e-01 4.592670000000000000e+06 4.723000000000000000e+03
5.560000000000000497e+00 1.081399883765433861e-01 4.590701000000000000e+06 4.722000000000000000e+03
5.580000000000000071e+00 1.075357356916363388e-01 4.588636000000000000e+06 4.721000000000000000e+03
5.600000000000000533e+00 1.068060341899662313e-01 4.586554000000000000e+06 4.720000000000000000e+03
5.620000000000000107e+00 1.061267223487699085e-01 4.584580000000000000e+06 4.719000000000000000e+03
5.639999999999999680e+00 1.054586990745997321e-01 4.582496000000000000e+06 4.718000000000000000e+03
5.660000000000000142e+00 1.047671320442053744e-01 4.580343000000000000e+06 4.717000000000000000e+03
5.679999999999999716e+00 1.041126935029381001e-01 4.578319000000000000e+06 4.716000000000000000e+03
5.700000000000000178e+00 1.035360528279905823e-01 4.576283000000000000e+06 4.715000000000000000e+03
5.719999999999999751e+00 1.029020550971259662e-01 4.574171000000000000e+06 4.714000000000000000e+03
5.740000000000000213e+00 1.022549999095618556e-01 4.571979000000000000e+06 4.713000000000000000e+03
5.759999999999999787e+00 1.016394160347584980e-01 4.569914000000000000e+06 4.712000000000000000e+03
5.780000000000000249e+00 1.011245770639903341e-01 4.567914000000000000e+06 4.711000000000000000e+03
5.799999999999999822e+00 1.005152519546480133e-01 4.565798000000000000e+06 4.710000000000000000e+03
5.820000000000000284e+00 9.988298242241629155e-02 4.563874000000000000e+06 4.709000000000000000e+03
5.839999999999999858e+00 9.924531303046142672e-02 4.561952000000000000e+06 4.708000000000000000e+03
5.860000000000000320e+00 9.863449217318598361e-02 4.559990000000000000e+06 4.707000000000000000e+03
5.879999999999999893e+00 9.800820102429783076e-02 4.557899000000000000e+06 4.706000000000000000e+03
5.900000000000000355e+00 9.739639527034693600e-02 4.555754000000000000e+06 4.705000000000000000e+03
5.919999999999999929e+00 9.680601433483924934e-02 4.553779000000000000e+06 4.704000000000000000e+03
5.940000000000000391e+00 9.624019840447377294e-02 4.551783000000000000e+06 4.703000000000000000e+03
5.959999999999999964e+00 9.556389185200504788e-02 4.549813000000000000e+06 4.702000000000000000e+03
5.980000000000000426e+00 9.503575088943849725e-02 4.547879000000000000e+06 4.701000000000000000e+03
6.000000000000000000e+00 9.446192201811409728e-02 4.545977000000000000e+06 4.700000000000000000e+03
6.020000000000000462e+00 9.389543441601852503e-02 4.543956000000000000e+06 4.699000000000000000e+03
6.040000000000000036e+00 9.328679898539399273e-02 4.542072000000000000e+06 4.698000000000000000e+03
6.060000000000000497e+00 9.267496695596121048e-02 4.540105000000000000e+06 4.697000000000000000e+03
6.080000000000000071e+00 9.214052938426881001e-02 4.538041000000000000e+06 4.696000000000000000e+03
6.100000000000000533e+00 9.161023835854449626e-02 4.536077000000000000e+06 4.695000000000000000e+03
6.120000000000000107e+00 9.123060130534965673e-02 4.533895000000000000e+06 4.694000000000000000e+03
6.140000000000000568e+00 9.072998775063993715e-02 4.531870000000000000e+06 4.693000000000000000e+03
6.160000000000000142e+00 9.012244645596151349e-02 4.529922000000000000e+06 4.692000000000000000e+03
6.179999999999999716e+00 8.951201881367688851e-02 4.527914000000000000e+06 4.691000000000000000e+03
6.200000000000000178e+00 8.897081109568892587e-02 4.525945000000000000e+06 4.690000000000000000e+03
6.219999999999999751e+00 8.847528254162391470e-02 4.524154000000000000e+06 4.689000000000000000e+03
6.240000000000000213e+00 8.801988628890308752e-02 4.522259000000000000e+06 4.688000000000000000e+03
6.259999999999999787e+00 8.749301739403796130e-02 4.520432000000000000e+06 4.687000000000000000e+03
6.280000000000000249e+00 8.690105106156977011e-02 4.518447000000000000e+06 4.686000000000000000e+03
6.299999999999999822e+00 8.643161325170234388e-02 4.516464000000000000e+06 4.685000000000000000e+03
6.320000000000000284e+00 8.602386828728680879e-02 4.514467000000000000e+06 4.684000000000000000e+03
6.339999999999999858e+00 8.543575817589868504e-02 4.512516000000000000e+06 4.683000000000000000e+03
6.360000000000000320e+00 8.495150889087217660e-02 4.510668000000000000e+06 4.682000000000000000e+03
6.379999999999999893e+00 8.454285525192208051e-02 4.508773000000000000e+06 4.681000000000000000e+03
6.400000000000000355e+00 8.411628012077122796e-02 4.506852000000000000e+06 4.680000000000000000e+03
6.419999999999999929e+00 8.355605307346918031e-02 4.505156000000000000e+06 4.679000000000000000e+03
6.440000000000000391e+00 8.298783988411193024e-02 4.503384000000000000e+06 4.678000000000000000e+03
6.459999999999999964e+00 8.243063012297359438e-02 4.501382000000000000e+06 4.677000000000000000e+03
6.480000000000000426e+00 8.207674431205616572e-02 4.499599000000000000e+06 4.676000000000000000e+03
6.500000000000000000e+00 8.161343607493282137e-02 4.497744000000000000e+06 4.675000000000000000e+03
6.520000000000000462e+00 8.113167488414207984e-02 4.495784000000000000e+06 4.674000000000000000e+03
6.540000000000000036e+00 8.062714173623254654e-02 4.493838000000000000e+06 4.673000000000000000e+03
6.560000000000000497e+00 8.014444191884652346e-02 4.491948000000000000e+06 4.672000000000000000e+03
6.580000000000000071e+00 7.964406596667150673e-02 4.490041000000000000e+06 4.671000000000000000e+03
6.600000000000000533e+00 7.909554153754405625e-02 4.488149000000000000e+06 4.670000000000000000e+03
6.620000000000000107e+00 7.858265602802305683e-02 4.486140000000000000e+06 4.669000000000000000e+03
6.640000000000000568e+00 7.811577051322493581e-02 4.484113000000000000e+06 4.668000000000000000e+03
6.660000000000000142e+00 7.767861426061299646e-02 4.482197000000000000e+06 4.667000000000000000e+03
6.679999999999999716e+00 7.717816731829856003e-02 4.480341000000000000e+06 4.666000000000000000e+03
6.700000000000000178e+00 7.670826789078455388e-02 4.478353000000000000e+06 4.665000000000000000e+03
6.719999999999999751e+00 7.626373616733854444e-02 4.476281000000000000e+06 4.664000000000000000e+03
6.740000000000000213e+00 7.588003705623073969e-02 4.474440000000000000e+06 4.663000000000000000e+03
6.759999999999999787e+00 7.547020301837310818e-02 4.472555000000000000e+06 4.662000000000000000e+03
6.780000000000000249e+00 7.505747619698611983e-02 4.470606000000000000e+06 4.661000000000000000e+03
6.799999999999999822e+00 7.467174284215175040e-02 4.468709000000000000e+06 4.660000000000000000e+03
6.820000000000000284e+00 7.428993498736041756e-02 4.466782000000000000e+06 4.659000000000000000e+03
6.839999999999999858e+00 7.383649647156990958e-02 4.464822000000000000e+06 4.658000000000000000e+03
6.860000000000000320e+00 7.336867199567616293e-02 4.462982000000000000e+06 4.657000000000000000e+03
6.879999999999999893e+00 7.296286042770006031e-02 4.461142000000000000e+06 4.656000000000000000e+03
6.900000000000000355e+00 7.245846918768536482e-02 4.459226000000000000e+06 4.655000000000000000e+03
6.919999999999999929e+00 7.200206987415262716e-02 4.457413000000000000e+06 4.654000000000000000e+03
6.940000000000000391e+00 7.163889591827007908e-02 4.455479000000000000e+06 4.653000000000000000e+03
6.959999999999999964e+00 7.119138695247885507e-02 4.453688000000000000e+06 4.652000000000000000e+03
6.980000000000000426e+00 7.075972407744395010e-02 4.451833000000000000e+06 4.651000000000000000e+03
7.000000000000000000e+00 7.036670430298763712e-02 4.450069000000000000e+06 4.650000000000000000e+03
7.020000000000000462e+00 6.990476510145048061e-02 4.448179000000000000e+06 4.649000000000000000e+03
7.040000000000000036e+00 6.949090924380088574e-02 4.446364000000000000e+06 4.648000000000000000e+03
7.060000000000000497e+00 6.912665949537487309e-02 4.444438000000000000e+06 4.647000000000000000e+03
7.080000000000000071e+00 6.866281074393444650e-02 4.442491000000000000e+06 4.646000000000000000e+03
7.100000000000000533e+00 6.817239979127842631e-02 4.440760000000000000e+06 4.645000000000000000e+03
7.120000000000000107e+00 6.781443294892659790e-02 4.438825000000000000e+06 4.644000000000000000e+03
7.140000000000000568e+00 6.741680201500682701e-02 4.436993000000000000e+06 4.643000000000000000e+03
7.160000000000000142e+00 6.703768864681870776e-02 4.435183000000000000e+06 4.642000000000000000e+03
7.179999999999999716e+00 6.671978819237103786e-02 4.433328000000000000e+06 4.641000000000000000e+03
7.200000000000000178e+00 6.639398017900841054e-02 4.431510000000000000e+06 4.640000000000000000e+03
7.219999999999999751e+00 6.599055791343154398e-02 4.429425000000000000e+06 4.639000000000000000e+03
7.240000000000000213e+00 6.568478849860669155e-02 4.427531000000000000e+06 4.638000000000000000e+03
7.259999999999999787e+00 6.538426481056000550e-02 4.425708000000000000e+06 4.637000000000000000e+03
7.280000000000000249e+00 6.503875711816353711e-02 4.423790000000000000e+06 4.636000000000000000e+03
7.299999999999999822e+00 6.469084188842352812e-02 4.421909000000000000e+06 4.635000000000000000e+03
7.320000000000000284e+00 6.433257593817376385e-02 4.420033000000000000e+06 4.634000000000000000e+03
7.339999999999999858e+00 6.400384286818601443e-02 4.418273000000000000e+06 4.633000000000000000e+03
7.360000000000000320e+00 6.362826041955799150e-02 4.416490000000000000e+06 4.632000000000000000e+03
7.379999999999999893e+00 6.324423035107143432e-02 4.414508000000000000e+06 4.631000000000000000e+03
7.400000000000000355e+00 6.294670613119324187e-02 4.412646000000000000e+06 4.630000000000000000e+03
7.419999999999999929e+00 6.257542445660796426e-02 4.410731000000000000e+06 4.629000000000000000e+03
7.440000000000000391e+00 6.211684925519268818e-02 4.408890000000000000e+06 4.628000000000000000e+03
7.459999999999999964e+00 6.177414410183604265e-02 4.407020000000000000e+06 4.627000000000000000e+03
7.480000000000000426e+00 6.149123585232304373e-02 4.405238000000000000e+06 4.626000000000000000e+03
7.500000000000000000e+00 6.112630299324667976e-02 4.403527000000000000e+06 4.625000000000000000e+03
7.520000000000000462e+00 6.080264875562349514e-02 4.401806000000000000e+06 4.624000000000000000e+03
7.540000000000000036e+00 6.049165382912799482e-02 4.400058000000000000e+06 4.623000000000000000e+03
7.560000000000000497e+00 6.019456775578516800e-02 4.398311000000000000e+06 4.622000000000000000e+03
7.580000000000000071e+00 5.988892994858741742e-02 4.396639000000000000e+06 4.621000000000000000e+03
7.600000000000000533e+00 5.952073688013780756e-02 4.395011000000000000e+06 4.620000000000000000e+03
7.620000000000000107e+00 5.919163864119129925e-02 4.393330000000000000e+06 4.619000000000000000e+03
7.640000000000000568e+00 5.893758261935519438e-02 4.391622000000000000e+06 4.618000000000000000e+03
7.660000000000000142e+00 5.860013909920763070e-02 4.389864000000000000e+06 4.617000000000000000e+03
7.679999999999999716e+00 5.833264712809623637e-02 4.388272000000000000e+06 4.616000000000000000e+03
7.700000000000000178e+00 5.801617513595534043e-02 4.386591000000000000e+06 4.615000000000000000e+03
7.719999999999999751e+00 5.765333550198117191e-02 4.384893000000000000e+06 4.614000000000000000e+03
7.740000000000000213e+00 5.734583534864236970e-02 4.383145000000000000e+06 4.613000000000000000e+03
7.759999999999999787e+00 5.705517502205723762e-02 4.381395000000000000e+06 4.612000000000000000e+03
7.780000000000000249e+00 5.678305933235833908e-02 4.379784000000000000e+06 4.611000000000000000e+03
7.799999999999999822e+00 5.647356819026014968e-02 4.378213000000000000e+06 4.610000000000000000e+03
7.820000000000000284e+00 5.619049157735270250e-02 4.376522000000000000e+06 4.609000000000000000e+03
7.839999999999999858e+00 5.584282260333757464e-02 4.374799000000000000e+06 4.608000000000000000e+03
7.860000000000000320e+00 5.555480248398184107e-02 4.373090000000000000e+06 4.607000000000000000e+03
7.879999999999999893e+00 5.526134943305437142e-02 4.371447000000000000e+06 4.606000000000000000e+03
7.900000000000000355e+00 5.493398740037164912e-02 4.369682000000000000e+06 4.605000000000000000e+03
7.919999999999999929e+00 5.457858785048829570e-02 4.367948000000000000e+06 4.604000000000000000e+03
7.940000000000000391e+00 5.431401013956808216e-02 4.366262000000000000e+06 4.603000000000000000e+03
7.959999999999999964e+00 5.405226817818758328e-02 4.364549000000000000e+06 4.602000000000000000e+03
7.980000000000000426e+00 5.369442125232515295e-02 4.362699000000000000e+06 4.601000000000000000e+03
8.000000000000000000e+00 5.345428016910135777e-02 4.360937000000000000e+06 4.600000000000000000e+03
8.019999999999999574e+00 5.314346081025821816e-02 4.359052000000000000e+06 4.599000000000000000e+03
8.040000000000000924e+00 5.282538112668799801e-02 4.357380000000000000e+06 4.598000000000000000e+03
8.060000000000000497e+00 5.249233847271868314e-02 4.355625000000000000e+06 4.597000000000000000e+03
8.080000000000000071e+00 5.215372161791155536e-02 4.353843000000000000e+06 4.596000000000000000e+03
8.099999999999999645e+00 5.198106701608296715e-02 4.352142000000000000e+06 4.595000000000000000e+03
8.120000000000000995e+00 5.175808836454993955e-02 4.350368000000000000e+06 4.594000000000000000e+03
8.140000000000000568e+00 5.149136530173110265e-02 4.348760000000000000e+06 4.593000000000000000e+03
8.160000000000000142e+00 5.126353099985159895e-02 4.347018000000000000e+06 4.592000000000000000e+03
8.179999999999999716e+00 5.097048963226037677e-02 4.345291000000000000e+06 4.591000000000000000e+03
8.199999999999999289e+00 5.070777329923047833e-02 4.343492000000000000e+06 4.590000000000000000e+03
8.220000000000000639e+00 5.049031914971587043e-02 4.341690000000000000e+06 4.589000000000000000e+03
8.240000000000000213e+00 5.018997575924988297e-02 4.339986000000000000e+06 4.588000000000000000e+03
8.259999999999999787e+00 4.995140259265812982e-02 4.338308000000000000e+06 4.587000000000000000e+03
8.279999999999999361e+00 4.972500559846473184e-02 4.336562000000000000e+06 4.586000000000000000e+03
8.300000000000000711e+00 4.938295553077948902e-02 4.334988000000000000e+06 4.585000000000000000e+03
8.320000000000000284e+00 4.919787460294290649e-02 4.333385000000000000e+06 4.584000000000000000e+03
8.339999999999999858e+00 4.887923594630414620e-02 4.331718000000000000e+06 4.583000000000000000e+03
8.359999999999999432e+00 4.861178098455486152e-02 4.330059000000000000e+06 4.582000000000000000e+03
8.380000000000000782e+00 4.830190669964722766e-02 4.328419000000000000e+06 4.581000000000000000e+03
8.400000000000000355e+00 4.808441352743095254e-02 4.326807000000000000e+06 4.580000000000000000e+03
8.419999999999999929e+00 4.790601688849361467e-02 4.325154000000000000e+06 4.579000000000000000e+03
8.439999999999999503e+00 4.758605303930085045e-02 4.323534000000000000e+06 4.578000000000000000e+03
8.460000000000000853e+00 4.729014123022403510e-02 4.321954000000000000e+06 4.577000000000000000e+03
8.480000000000000426e+00 4.700646230511140028e-02 4.320304000000000000e+06 4.576000000000000000e+03
8.500000000000000000e+00 4.678770800273200636e-02 4.318664000000000000e+06 4.575000000000000000e+03
8.519999999999999574e+00 4.654443252560357125e-02 4.316981000000000000e+06 4.574000000000000000e+03
8.540000000000000924e+00 4.630198339395706630e-02 4.315372000000000000e+06 4.573000000000000000e+03
8.560000000000000497e+00 4.607178172573801050e-02 4.313867000000000000e+06 4.572000000000000000e+03
8.580000000000000071e+00 4.585580846192887500e-02 4.312403000000000000e+06 4.571000000000000000e+03
8.599999999999999645e+00 4.561299226563039072e-02 4.310833000000000000e+06 4.570000000000000000e+03
8.620000000000000995e+00 4.546294544681109273e-02 4.309231000000000000e+06 4.569000000000000000e+03
8.640000000000000568e+00 4.523403861570654549e-02 4.307458000000000000e+06 4.568000000000000000e+03
8.660000000000000142e+00 4.496739520915962740e-02 4.305682000000000000e+06 4.567000000000000000e+03
8.679999999999999716e+00 4.474977359944872640e-02 4.303947000000000000e+06 4.566000000000000000e+03
8.700000000000001066e+00 4.453633778731076742e-02 4.302302000000000000e+06 4.565000000000000000e+03
8.720000000000000639e+00 4.432586643920853609e-02 4.300586000000000000e+06 4.564000000000000000e+03
8.740000000000000213e+00 4.412275924655549575e-02 4.298981000000000000e+06 4.563000000000000000e+03
8.759999999999999787e+00 4.392533296452761499e-02 4.297492000000000000e+06 4.562000000000000000e+03
8.779999999999999361e+00 4.374728674446769910e-02 4.295864000000000000e+06 4.561000000000000000e+03
8.800000000000000711e+00 4.356365052600329191e-02 4.294370000000000000e+06 4.560000000000000000e+03
8.820000000000000284e+00 4.342551740257419995e-02 4.292765000000000000e+06 4.559000000000000000e+03
8.839999999999999858e+00 4.325194131275860582e-02 4.291249000000000000e+06 4.558000000000000000e+03
8.859999999999999432e+00 4.308465746026537979e-02 4.289628000000000000e+06 4.557000000000000000e+03
8.880000000000000782e+00 4.288665059893097264e-02 4.288043000000000000e+06 4.556000000000000000e+03
8.900000000000000355e+00 4.273823260575674438e-02 4.286406000000000000e+06 4.555000000000000000e+03
8.919999999999999929e+00 4.251652808866501765e-02 4.284662000000000000e+06 4.554000000000000000e+03
8.939999999999999503e+00 4.231356866817691242e-02 4.282937000000000000e+06 4.553000000000000000e+03
8.960000000000000853e+00 4.213043593728824088e-02 4.281339000000000000e+06 4.552000000000000000e+03
8.980000000000000426e+00 4.190097732393974206e-02 4.279730000000000000e+06 4.551000000000000000e+03
9.000000000000000000e+00 4.165251160929604735e-02 4.277972000000000000e+06 4.550000000000000000e+03
9.019999999999999574e+00 4.146343862384883894e-02 4.276317000000000000e+06 4.549000000000000000e+03
9.040000000000000924e+00 4.126764360616307081e-02 4.274597000000000000e+06 4.548000000000000000e+03
9.060000000000000497e+00 4.104178247273176927e-02 4.272891000000000000e+06 4.547000000000000000e+03
9.080000000000000071e+00 4.081898339932465286e-02 4.271280000000000000e+06 4.546000000000000000e+03
9.099999999999999645e+00 4.058287289945935322e-02 4.269737000000000000e+06 4.545000000000000000e+03
9.120000000000000995e+00 4.042737433450200452e-02 4.268199000000000000e+06 4.544000000000000000e+03
9.140000000000000568e+00 4.027040630350450789e-02 4.266573000000000000e+06 4.543000000000000000e+03
9.160000000000000142e+00 4.003136327879000533e-02 4.264928000000000000e+06 4.542000000000000000e+03
9.179999999999999716e+00 3.983434327887491744e-02 4.263474000000000000e+06 4.541000000000000000e+03
9.200000000000001066e+00 3.975048404045521816e-02 4.261863000000000000e+06 4.540000000000000000e+03
9.220000000000000639e+00 3.964426227232433625e-02 4.260268000000000000e+06 4.539000000000000000e+03
9.240000000000000213e+00 3.952698959918928695e-02 4.258625000000000000e+06 4.538000000000000000e+03
9.259999999999999787e+00 3.930187564238089848e-02 4.257029000000000000e+06 4.537000000000000000e+03
9.279999999999999361e+00 3.920386277292705474e-02 4.255497000000000000e+06 4.536000000000000000e+03
9.300000000000000711e+00 3.908672430076180759e-02 4.253976000000000000e+06 4.535000000000000000e+03
9.320000000000000284e+00 3.893592347705054912e-02 4.252419000000000000e+06 4.534000000000000000e+03
9.339999999999999858e+00 3.872614288923878489e-02 4.251034000000000000e+06 4.533000000000000000e+03
9.359999999999999432e+00 3.860330671524516560e-02 4.249506000000000000e+06 4.532000000000000000e+03
9.380000000000000782e+00 3.849954634003512760e-02 4.247808000000000000e+06 4.531000000000000000e+03
9.400000000000000355e+00 3.837534330154057649e-02 4.246288000000000000e+06 4.530000000000000000e+03
9.419999999999999929e+00 3.819959524638088383e-02 4.244672000000000000e+06 4.529000000000000000e+03
9.439999999999999503e+00 3.807828724501514939e-02 4.243121000000000000e+06 4.528000000000000000e+03
9.460000000000000853e+00 3.791557973145640720e-02 4.241569000000000000e+06 4.527000000000000000e+03
9.480000000000000426e+00 3.776735897265689340e-02 4.239893000000000000e+06 4.526000000000000000e+03
9.500000000000000000e+00 3.763409044043291435e-02 4.238191000000000000e+06 4.525000000000000000e+03
9.519999999999999574e+00 3.737857685005292058e-02 4.236595000000000000e+06 4.524000000000000000e+03
9.540000000000000924e+00 3.722763610159907782e-02 4.234973000000000000e+06 4.523000000000000000e+03
9.560000000000000497e+00 3.711433062578714526e-02 4.233383000000000000e+06 4.522000000000000000e+03
9.580000000000000071e+00 3.690871709319402949e-02 4.231855000000000000e+06 4.521000000000000000e+03
9.599999999999999645e+00 3.679251865035247648e-02 4.230191000000000000e+06 4.520000000000000000e+03
9.620000000000000995e+00 3.654244923547781548e-02 4.228592000000000000e+06 4.519000000000000000e+03
9.640000000000000568e+00 3.636721535495066049e-02 4.227170000000000000e+06 4.518000000000000000e+03
9.660000000000000142e+00 3.621052073981220060e-02 4.225533000000000000e+06 4.517000000000000000e+03
9.679999999999999716e+00 3.606992576085656099e-02 4.223897000000000000e+06 4.516000000000000000e+03
9.700000000000001066e+00 3.587866068600868708e-02 4.222487000000000000e+06 4.515000000000000000e+03
9.720000000000000639e+00 3.576769941829576610e-02 4.220991000000000000e+06 4.514000000000000000e+03
9.740000000000000213e+00 3.565953370447986354e-02 4.219452000000000000e+06 4.513000000000000000e+03
9.759999999999999787e+00 3.555456481806912317e-02 4.217853000000000000e+06 4.512000000000000000e+03
9.779999999999999361e+00 3.536298450529372361e-02 4.216327000000000000e+06 4.511000000000000000e+03
9.800000000000000711e+00 3.520708666630317785e-02 4.214827000000000000e+06 4.510000000000000000e+03
9.820000000000000284e+00 3.510502980413423429e-02 4.213213000000000000e+06 4.509000000000000000e+03
9.839999999999999858e+00 3.499723838788910274e-02 4.211686000000000000e+06 4.508000000000000000e+03
9.859999999999999432e+00 3.481115124360544683e-02 4.210183000000000000e+06 4.507000000000000000e+03
9.880000000000000782e+00 3.472104959984419204e-02 4.208611000000000000e+06 4.506000000000000000e+03
9.900000000000000355e+00 3.456602752109358412e-02 4.207073000000000000e+06 4.505000000000000000e+03
9.919999999999999929e+00 3.441405349427804905e-02 4.205648000000000000e+06 4.504000000000000000e+03
9.939999999999999503e+00 3.425051031619559538e-02 4.204187000000000000e+06 4.503000000000000000e+03
9.960000000000000853e+00 3.409853900708231800e-02 4.202717000000000000e+06 4.502000000000000000e+03
9.980000000000000426e+00 3.391222696955137339e-02 4.201269000000000000e+06 4.501000000000000000e+03
1.000000000000000000e+01 3.371523131746941015e-02 4.199821000000000000e+06 4.500000000000000000e+03
