dt_ps,MSD_A2,SEM
2.000000000000000000e+01,9.038542524683946340e+02,2.098777445680266140e+00
4.000000000000000000e+01,9.323780453358365321e+02,2.103712226163433563e+00
6.000000000000000000e+01,9.417147591311405677e+02,2.103430453840090752e+00
8.000000000000000000e+01,9.553025645059705084e+02,2.102971127810650653e+00
1.000000000000000000e+02,9.528872516234723662e+02,2.106427708071917149e+00
1.200000000000000000e+02,9.709276014314891654e+02,2.110712653865206789e+00
1.400000000000000000e+02,9.717448076371581465e+02,2.120710001264235256e+00
1.600000000000000000e+02,9.733137812411680443e+02,2.115381420283501956e+00
1.800000000000000000e+02,9.692029813584273370e+02,2.121077904911071954e+00
2.000000000000000000e+02,9.799124213012322571e+02,2.126046568551368310e+00
2.200000000000000000e+02,9.792561747125064358e+02,2.128208249670881180e+00
2.400000000000000000e+02,9.807720891067596085e+02,2.122909643428908311e+00
2.600000000000000000e+02,9.839775236309659476e+02,2.126732041512410909e+00
2.800000000000000000e+02,9.851268208408700957e+02,2.130314734005147592e+00
3.000000000000000000e+02,9.863432753347502739e+02,2.132140704384037466e+00
3.200000000000000000e+02,9.906364653883907749e+02,2.139635388228697366e+00
3.400000000000000000e+02,9.913149995208551672e+02,2.140029473005519378e+00
3.600000000000000000e+02,9.910052536743542078e+02,2.143389771618257278e+00
3.800000000000000000e+02,9.879857405325841455e+02,2.140272058402389987e+00
4.000000000000000000e+02,9.873908071556689947e+02,2.145840299270980189e+00
4.200000000000000000e+02,9.923963524110038179e+02,2.148526373952539981e+00
4.400000000000000000e+02,9.914281189736271926e+02,2.152273672254020553e+00
4.600000000000000000e+02,9.953869948700107670e+02,2.157954184400605602e+00
4.800000000000000000e+02,9.929977430012547757e+02,2.153686900162743445e+00
5.000000000000000000e+02,9.931565019612742162e+02,2.158543157424262837e+00
5.200000000000000000e+02,9.959663566848970504e+02,2.166421990409399090e+00
5.400000000000000000e+02,9.978715387538809409e+02,2.167015851371819846e+00
5.600000000000000000e+02,9.940693746988165458e+02,2.163420413662826558e+00
5.800000000000000000e+02,9.947183102682636218e+02,2.170783884186621826e+00
6.000000000000000000e+02,9.994812993504834822e+02,2.170659723750236747e+00
6.200000000000000000e+02,1.003042426904861145e+03,2.175809452596885851e+00
6.400000000000000000e+02,9.992439283486638715e+02,2.176567691411061212e+00
6.600000000000000000e+02,9.981033902656067767e+02,2.172442735936769509e+00
6.800000000000000000e+02,9.964130201751415825e+02,2.179425831959431292e+00
7.000000000000000000e+02,9.959317607639694643e+02,2.174339927017961749e+00
7.200000000000000000e+02,9.966095059110252805e+02,2.184950432025578593e+00
7.400000000000000000e+02,1.000609381169733410e+03,2.189342141778475970e+00
7.600000000000000000e+02,9.961623416516506495e+02,2.187953447883115299e+00
7.800000000000000000e+02,9.985806484288882530e+02,2.184672803995737045e+00
8.000000000000000000e+02,9.983026962201932974e+02,2.186640194536745518e+00
8.200000000000000000e+02,1.002304057561905324e+03,2.200627320398189202e+00
8.400000000000000000e+02,1.000528247435847561e+03,2.197049462186844160e+00
8.600000000000000000e+02,9.996443548761600368e+02,2.195326710931769121e+00
8.800000000000000000e+02,9.973992262496732337e+02,2.203534139611948994e+00
9.000000000000000000e+02,9.994406014248127121e+02,2.209754961631420933e+00
9.200000000000000000e+02,1.000959976086581264e+03,2.206810000756861623e+00
9.400000000000000000e+02,9.980343489221731943e+02,2.210856112395893636e+00
9.600000000000000000e+02,9.980622976403039956e+02,2.212495352494635359e+00
9.800000000000000000e+02,9.985823771629834482e+02,2.215622249119543419e+00
1.000000000000000000e+03,9.972449582008376865e+02,2.218115047027443776e+00
1.020000000000000000e+03,1.002159732760018414e+03,2.223123103607171025e+00
1.040000000000000000e+03,9.980885076559393383e+02,2.226005039311053313e+00
1.060000000000000000e+03,9.943173622773344960e+02,2.226843382776906743e+00
1.080000000000000000e+03,9.981380784115432334e+02,2.230306991639029679e+00
1.100000000000000000e+03,9.996961694291792355e+02,2.234374694600508082e+00
1.120000000000000000e+03,9.985771435645669953e+02,2.232516466344127259e+00
1.140000000000000000e+03,9.991785683381045828e+02,2.236007543863040237e+00
1.160000000000000000e+03,9.949266757603985525e+02,2.240337488423855827e+00
1.180000000000000000e+03,9.985404436483759127e+02,2.243742496269594433e+00
1.200000000000000000e+03,9.983907363557993904e+02,2.242674732173152385e+00
1.220000000000000000e+03,9.983796178467429172e+02,2.247277712430338248e+00
1.240000000000000000e+03,1.000582885489058981e+03,2.244905112372308054e+00
1.260000000000000000e+03,9.976795307378683901e+02,2.256472784011081423e+00
1.280000000000000000e+03,1.001503654094941908e+03,2.254063163706057527e+00
1.300000000000000000e+03,1.003649767804319936e+03,2.255179198326331846e+00
1.320000000000000000e+03,1.001497489561768589e+03,2.252307458008160790e+00
1.340000000000000000e+03,1.002482962201101714e+03,2.258677637563889729e+00
1.360000000000000000e+03,1.002203990541272333e+03,2.265816583338161827e+00
1.380000000000000000e+03,1.002337077100613897e+03,2.262549896028981600e+00
1.400000000000000000e+03,1.000992948501800697e+03,2.270251522724750615e+00
1.420000000000000000e+03,1.000017464468522235e+03,2.272203136260670941e+00
1.440000000000000000e+03,1.001275269081353258e+03,2.279491486638046016e+00
1.460000000000000000e+03,1.003337505262665900e+03,2.277780680206517250e+00
1.480000000000000000e+03,1.001759398203713658e+03,2.277366441112707474e+00
1.500000000000000000e+03,1.003282039240441350e+03,2.284569118587415293e+00
1.520000000000000000e+03,9.985019471470727694e+02,2.281647065225007154e+00
1.540000000000000000e+03,9.997742267332652091e+02,2.293374837541054312e+00
1.560000000000000000e+03,9.993337969761109889e+02,2.285663878098256774e+00
1.580000000000000000e+03,1.002623571451247813e+03,2.304367051295439950e+00
1.600000000000000000e+03,1.003127077361212514e+03,2.300083751842483704e+00
1.620000000000000000e+03,1.005460333851426071e+03,2.298837558147747817e+00
1.640000000000000000e+03,1.002795031320382805e+03,2.305202206277938703e+00
1.660000000000000000e+03,1.003070932377772237e+03,2.302700759356467675e+00
1.680000000000000000e+03,9.980138145048132401e+02,2.305410045085371173e+00
1.700000000000000000e+03,1.000374588567963769e+03,2.303268448505979116e+00
1.720000000000000000e+03,1.002778281891829238e+03,2.315073942062219281e+00
1.740000000000000000e+03,1.003896240487739760e+03,2.320930641620672308e+00
1.760000000000000000e+03,1.001496714937264755e+03,2.315182938182202665e+00
1.780000000000000000e+03,1.002805063573664938e+03,2.323304209427735856e+00
1.800000000000000000e+03,9.997908635876520975e+02,2.327377212417782726e+00
1.820000000000000000e+03,1.004273871329318695e+03,2.327330821817776840e+00
1.840000000000000000e+03,1.003592335320684583e+03,2.326176322748706671e+00
1.860000000000000000e+03,9.972133956092058042e+02,2.332043426951659004e+00
1.880000000000000000e+03,1.005466063711295078e+03,2.333709666335537225e+00
1.900000000000000000e+03,1.002119548575694466e+03,2.333814171169049434e+00
1.920000000000000000e+03,1.003835545921193784e+03,2.348527046873832180e+00
1.940000000000000000e+03,9.981709790128710438e+02,2.341480251744635588e+00
1.960000000000000000e+03,1.004082707067482033e+03,2.341934923587617234e+00
1.980000000000000000e+03,1.003289489650906830e+03,2.346254598920860079e+00
2.000000000000000000e+03,1.003925183767124850e+03,2.347751101894680836e+00
2.020000000000000000e+03,1.005996342692158350e+03,2.361402405595590004e+00
2.040000000000000000e+03,1.009937060397559549e+03,2.364141650113046111e+00
2.060000000000000000e+03,1.008829131476042107e+03,2.357079389010860115e+00
2.080000000000000000e+03,1.009240356531107750e+03,2.368013366116088037e+00
2.100000000000000000e+03,1.009808930983708251e+03,2.378830730700081553e+00
2.120000000000000000e+03,1.008412206670965020e+03,2.374615289503349658e+00
2.140000000000000000e+03,1.003370032328310344e+03,2.377788727446385586e+00
2.160000000000000000e+03,1.004429006740948239e+03,2.390513529926499015e+00
2.180000000000000000e+03,1.006207252234731300e+03,2.389122360804447620e+00
2.200000000000000000e+03,1.007215409574352748e+03,2.381819887196184204e+00
2.220000000000000000e+03,1.004208414358767527e+03,2.383645032511660489e+00
2.240000000000000000e+03,1.004930539614726740e+03,2.390370190877679324e+00
2.260000000000000000e+03,1.012183285274200443e+03,2.395929657913344890e+00
2.280000000000000000e+03,1.010501331947099175e+03,2.389985311289319458e+00
2.300000000000000000e+03,1.010482927222064177e+03,2.406528502008332460e+00
2.320000000000000000e+03,1.011244513418509086e+03,2.404803872545613341e+00
2.340000000000000000e+03,1.006765155752057240e+03,2.409049062019677390e+00
2.360000000000000000e+03,1.009281371852736356e+03,2.421890885267424132e+00
2.380000000000000000e+03,1.006984883037043346e+03,2.419773572685831375e+00
2.400000000000000000e+03,1.015702554421717196e+03,2.429907340392572834e+00
2.420000000000000000e+03,1.010237118620043589e+03,2.420862361343539604e+00
2.440000000000000000e+03,1.009023229318586459e+03,2.427021867240032105e+00
2.460000000000000000e+03,1.011777104258694635e+03,2.429674669477179805e+00
2.480000000000000000e+03,1.015696121097111359e+03,2.434281892492132116e+00
2.500000000000000000e+03,1.009891890535680886e+03,2.428157716300676228e+00
2.520000000000000000e+03,1.011296235930566127e+03,2.432264851095984337e+00
2.540000000000000000e+03,1.013491815414430675e+03,2.447689316879249510e+00
2.560000000000000000e+03,1.013749511543166591e+03,2.451143903485260900e+00
2.580000000000000000e+03,1.013082980468109440e+03,2.453657126508365760e+00
2.600000000000000000e+03,1.011662341138683018e+03,2.450175100254647464e+00
2.620000000000000000e+03,1.009699293660191188e+03,2.456747506687974258e+00
2.640000000000000000e+03,1.011525721978350930e+03,2.466542963690506074e+00
2.660000000000000000e+03,1.012681785355488500e+03,2.465551506927842862e+00
2.680000000000000000e+03,1.010409567342702871e+03,2.470664796010503927e+00
2.700000000000000000e+03,1.012745340419289846e+03,2.477337054268232475e+00
2.720000000000000000e+03,1.015218765688184703e+03,2.475840284352083920e+00
2.740000000000000000e+03,1.008633357114583305e+03,2.476955348109571187e+00
2.760000000000000000e+03,1.012849431050105864e+03,2.489626376679197950e+00
2.780000000000000000e+03,1.010126565624726936e+03,2.490365361972525005e+00
2.800000000000000000e+03,1.010207236150804192e+03,2.487186337248333601e+00
2.820000000000000000e+03,1.010997884495889480e+03,2.496349522604916604e+00
2.840000000000000000e+03,1.008464632898061268e+03,2.495463469489213715e+00
2.860000000000000000e+03,1.007749540003477364e+03,2.503168077855864926e+00
2.880000000000000000e+03,1.012236274420839322e+03,2.508539186720020187e+00
2.900000000000000000e+03,1.008270715342114499e+03,2.504260932617565771e+00
2.920000000000000000e+03,1.014377328124899464e+03,2.507354114420879299e+00
2.940000000000000000e+03,1.013760992784562063e+03,2.516045812358909117e+00
2.960000000000000000e+03,1.015326827003192648e+03,2.517556261889628999e+00
2.980000000000000000e+03,1.016285424662020432e+03,2.522787864864217244e+00
3.000000000000000000e+03,1.014842067835455055e+03,2.517578298247066471e+00
3.020000000000000000e+03,1.012606505844588582e+03,2.525751185515528796e+00
3.040000000000000000e+03,1.013902840894629207e+03,2.535194066134893731e+00
3.060000000000000000e+03,1.015824426160370194e+03,2.544623158476429392e+00
3.080000000000000000e+03,1.010603547679377584e+03,2.542665476459003315e+00
3.100000000000000000e+03,1.011072791300640802e+03,2.541062167512193604e+00
3.120000000000000000e+03,1.015139796724748635e+03,2.547217857073355241e+00
3.140000000000000000e+03,1.008900503559385015e+03,2.552921045794868782e+00
3.160000000000000000e+03,1.015270556921999287e+03,2.562119647182317550e+00
3.180000000000000000e+03,1.011428991173830468e+03,2.555169566125918834e+00
3.200000000000000000e+03,1.015132024736430481e+03,2.569435386870836169e+00
3.220000000000000000e+03,1.009237060057607096e+03,2.563643088646868851e+00
3.240000000000000000e+03,1.008822946846997638e+03,2.567607007887117376e+00
3.260000000000000000e+03,1.009503749616986852e+03,2.576010389668033085e+00
3.280000000000000000e+03,1.011499683866986743e+03,2.581863801224563826e+00
3.300000000000000000e+03,1.012509708765619507e+03,2.584660828182653969e+00
3.320000000000000000e+03,1.008359748786146156e+03,2.581106032722992882e+00
3.340000000000000000e+03,1.014664473857200846e+03,2.586988353499863447e+00
3.360000000000000000e+03,1.014879682490250161e+03,2.604133568699558587e+00
3.380000000000000000e+03,1.013892493221707014e+03,2.599692285699549021e+00
3.400000000000000000e+03,1.010675406912222797e+03,2.598427444422408694e+00
3.420000000000000000e+03,1.013884024944455405e+03,2.608779530207035791e+00
3.440000000000000000e+03,1.022841392266166054e+03,2.623764678940207595e+00
3.460000000000000000e+03,1.018564476201956950e+03,2.613838386367914435e+00
3.480000000000000000e+03,1.015667766928440187e+03,2.613228207523391244e+00
3.500000000000000000e+03,1.018017748686350956e+03,2.625036076236380467e+00
3.520000000000000000e+03,1.015978054338220431e+03,2.625554451676751722e+00
3.540000000000000000e+03,1.018361963883947737e+03,2.615346978785096699e+00
3.560000000000000000e+03,1.018248604507255209e+03,2.634014923547467024e+00
3.580000000000000000e+03,1.018732527010621084e+03,2.640931388038684879e+00
3.600000000000000000e+03,1.018376125617260300e+03,2.645539407959316414e+00
3.620000000000000000e+03,1.017955175958764812e+03,2.652429220391717024e+00
3.640000000000000000e+03,1.016413454450792415e+03,2.650479491839564439e+00
3.660000000000000000e+03,1.015676269737160737e+03,2.654940966004352365e+00
3.680000000000000000e+03,1.015316972687546695e+03,2.656744989615473340e+00
3.700000000000000000e+03,1.013971103210187948e+03,2.659080148007681998e+00
3.720000000000000000e+03,1.016894162011024832e+03,2.663967418564362699e+00
3.740000000000000000e+03,1.018050009113651754e+03,2.678027539147231018e+00
3.760000000000000000e+03,1.018707914046919996e+03,2.681819705899971762e+00
3.780000000000000000e+03,1.015922011780137723e+03,2.671867246290265285e+00
3.800000000000000000e+03,1.012871691965639684e+03,2.689529914008004230e+00
3.820000000000000000e+03,1.014915324997848757e+03,2.690748258953127525e+00
3.840000000000000000e+03,1.016648596372122256e+03,2.689286377313613308e+00
3.860000000000000000e+03,1.018007248535026633e+03,2.687657543794130799e+00
3.880000000000000000e+03,1.019776572200940336e+03,2.698558797875038717e+00
3.900000000000000000e+03,1.021356714511392511e+03,2.705165328653291290e+00
3.920000000000000000e+03,1.018300197848089624e+03,2.698491726318450912e+00
3.940000000000000000e+03,1.018286325658953160e+03,2.707489934705900048e+00
3.960000000000000000e+03,1.015937774258295804e+03,2.717672055264322761e+00
3.980000000000000000e+03,1.014563333367977975e+03,2.724959860004978918e+00
4.000000000000000000e+03,1.017701828486252566e+03,2.731683926382224570e+00
4.020000000000000000e+03,1.015923820539033386e+03,2.729529886428344820e+00
4.040000000000000000e+03,1.016621555609619691e+03,2.732399251531383300e+00
4.060000000000000000e+03,1.020282170785815424e+03,2.734477355141051280e+00
4.080000000000000000e+03,1.020578673595674331e+03,2.748557119799714510e+00
4.100000000000000000e+03,1.016553701784160921e+03,2.756304553278371650e+00
4.120000000000000000e+03,1.016706285659914556e+03,2.752996270805132095e+00
4.140000000000000000e+03,1.014066743623195975e+03,2.768040669519772567e+00
4.160000000000000000e+03,1.011807485137301796e+03,2.769880594079906277e+00
4.180000000000000000e+03,1.013597042095185770e+03,2.763758735295922975e+00
4.200000000000000000e+03,1.018323078266786069e+03,2.771540157612633948e+00
4.220000000000000000e+03,1.018938984188428662e+03,2.784263900483670007e+00
4.240000000000000000e+03,1.010719150634670086e+03,2.777375209588232696e+00
4.260000000000000000e+03,1.013219280884409613e+03,2.785670501198798110e+00
4.280000000000000000e+03,1.013824968266257770e+03,2.791492057195013032e+00
4.300000000000000000e+03,1.009480473866021612e+03,2.792132584609865908e+00
4.320000000000000000e+03,1.012230752991758777e+03,2.804470915800166608e+00
4.340000000000000000e+03,1.014868496615208414e+03,2.809999028556093403e+00
4.360000000000000000e+03,1.014870081596901855e+03,2.819180847402209089e+00
4.380000000000000000e+03,1.011739142379167788e+03,2.820751129272741409e+00
4.400000000000000000e+03,1.014324418752350994e+03,2.829355943611909563e+00
4.420000000000000000e+03,1.019484156322200874e+03,2.836695808616440662e+00
4.440000000000000000e+03,1.023448444798308401e+03,2.846181875375472625e+00
4.460000000000000000e+03,1.016520683145070279e+03,2.835296543026503802e+00
4.480000000000000000e+03,1.019308190388108528e+03,2.848361983405093945e+00
4.500000000000000000e+03,1.013636853961472525e+03,2.848141998354264182e+00
4.520000000000000000e+03,1.015463736846409574e+03,2.838584868778147641e+00
4.540000000000000000e+03,1.019038445673275874e+03,2.857227075636109781e+00
4.560000000000000000e+03,1.017949393432220177e+03,2.869516165251547957e+00
4.580000000000000000e+03,1.015175830965632599e+03,2.858682040724447315e+00
4.600000000000000000e+03,1.014486934755449170e+03,2.872154817789128511e+00
4.620000000000000000e+03,1.018812106967990758e+03,2.878448353370226087e+00
4.640000000000000000e+03,1.017704494286562408e+03,2.873398735345406685e+00
4.660000000000000000e+03,1.019055283347702130e+03,2.885675239904375022e+00
4.680000000000000000e+03,1.019675930282279182e+03,2.891620200277329022e+00
4.700000000000000000e+03,1.020436852765980689e+03,2.902416743160637580e+00
4.720000000000000000e+03,1.020013832255802299e+03,2.904476500654816551e+00
4.740000000000000000e+03,1.023882215632938369e+03,2.919972830691329513e+00
4.760000000000000000e+03,1.014127080739766711e+03,2.913810463168960307e+00
4.780000000000000000e+03,1.017618322290446599e+03,2.924007488653042497e+00
4.800000000000000000e+03,1.016121808468589848e+03,2.923691597483116134e+00
4.820000000000000000e+03,1.023757004251794456e+03,2.943253535607786908e+00
4.840000000000000000e+03,1.022798092657787947e+03,2.950782788178365035e+00
4.860000000000000000e+03,1.025988220170729392e+03,2.944377430526022188e+00
4.880000000000000000e+03,1.021356157908500904e+03,2.949448230019652950e+00
4.900000000000000000e+03,1.021219768272876991e+03,2.954660194656225869e+00
4.920000000000000000e+03,1.020156120545544582e+03,2.953846701411077635e+00
4.940000000000000000e+03,1.021978679239139979e+03,2.959595276013683218e+00
4.960000000000000000e+03,1.020454338005771774e+03,2.978297917242115567e+00
4.980000000000000000e+03,1.021645514817729349e+03,2.971900061592677389e+00
5.000000000000000000e+03,1.024565860501603765e+03,2.972395868854767365e+00
5.020000000000000000e+03,1.024240443135388205e+03,2.983127715094502364e+00
5.040000000000000000e+03,1.020344008439105551e+03,2.990261040220902444e+00
5.060000000000000000e+03,1.024238150609575314e+03,3.007470488800806585e+00
5.080000000000000000e+03,1.027276507853517160e+03,3.015075576375182642e+00
5.100000000000000000e+03,1.020873254317804594e+03,3.004903685337671604e+00
5.120000000000000000e+03,1.023279528131938491e+03,3.019636637998394768e+00
5.140000000000000000e+03,1.023934885149444767e+03,3.032529797675193262e+00
5.160000000000000000e+03,1.018804089561215278e+03,3.037670144373647130e+00
5.180000000000000000e+03,1.023903318543731189e+03,3.041614235900407692e+00
5.200000000000000000e+03,1.022900198240359828e+03,3.051369194364288440e+00
5.220000000000000000e+03,1.019756861400772095e+03,3.051605403545142536e+00
5.240000000000000000e+03,1.024032434922762604e+03,3.078456163571382298e+00
5.260000000000000000e+03,1.019631084061449201e+03,3.073344426617506286e+00
5.280000000000000000e+03,1.020765249388141683e+03,3.078556282211497130e+00
5.300000000000000000e+03,1.018773317948707813e+03,3.075529155123252867e+00
5.320000000000000000e+03,1.022407680439643627e+03,3.096120952759429112e+00
5.340000000000000000e+03,1.022804838844456867e+03,3.089442902272050429e+00
5.360000000000000000e+03,1.022916486856134611e+03,3.101987554402047209e+00
5.380000000000000000e+03,1.025555495941649724e+03,3.122399543748683115e+00
5.400000000000000000e+03,1.021548920779675996e+03,3.122425855147372253e+00
5.420000000000000000e+03,1.023687846924824839e+03,3.121235248971049980e+00
5.440000000000000000e+03,1.018354893742300078e+03,3.128812914398510614e+00
5.460000000000000000e+03,1.020030542012246201e+03,3.126400739409940677e+00
5.480000000000000000e+03,1.018139352373747215e+03,3.144337175305992549e+00
5.500000000000000000e+03,1.025050079209685919e+03,3.155442890075341733e+00
5.520000000000000000e+03,1.020841553512466248e+03,3.149853701078934698e+00
5.540000000000000000e+03,1.026466808648699498e+03,3.175082306062739335e+00
5.560000000000000000e+03,1.018801366687281075e+03,3.167161365460354094e+00
5.580000000000000000e+03,1.022411417494981379e+03,3.182198530037394502e+00
5.600000000000000000e+03,1.023765819825877088e+03,3.183257230178131003e+00
5.620000000000000000e+03,1.022552399821019208e+03,3.192507933787371410e+00
5.640000000000000000e+03,1.022216528595908812e+03,3.195288430788600031e+00
5.660000000000000000e+03,1.022714966365759437e+03,3.222630803366871355e+00
5.680000000000000000e+03,1.017646621803015023e+03,3.196053342183418966e+00
5.700000000000000000e+03,1.018676398460153564e+03,3.216136462643691463e+00
5.720000000000000000e+03,1.019996903824827996e+03,3.223929778070670604e+00
5.740000000000000000e+03,1.018259693550610791e+03,3.221450845702908961e+00
5.760000000000000000e+03,1.024504952356753392e+03,3.236164780822408993e+00
5.780000000000000000e+03,1.024468931342751375e+03,3.261152057943069060e+00
5.800000000000000000e+03,1.022828345038680368e+03,3.258138624341425427e+00
5.820000000000000000e+03,1.023548170229650054e+03,3.263631814731218217e+00
5.840000000000000000e+03,1.021809512880564967e+03,3.254828414128914993e+00
5.860000000000000000e+03,1.019444367155379837e+03,3.265960232057874002e+00
5.880000000000000000e+03,1.025393823806850833e+03,3.286798684932600079e+00
5.900000000000000000e+03,1.017012546626487733e+03,3.295323734484722600e+00
5.920000000000000000e+03,1.019453044013347721e+03,3.305394421627616097e+00
5.940000000000000000e+03,1.020152804872045635e+03,3.306905611812489987e+00
5.960000000000000000e+03,1.013169767718685307e+03,3.328699792154277581e+00
5.980000000000000000e+03,1.015179454636963328e+03,3.342856513701816912e+00
6.000000000000000000e+03,1.015209617948364667e+03,3.348523609718153438e+00
6.020000000000000000e+03,1.015566369375256954e+03,3.348845327700130881e+00
6.040000000000000000e+03,1.012844301201726466e+03,3.346470214131420207e+00
6.060000000000000000e+03,1.015721972353506885e+03,3.347895339390291713e+00
6.080000000000000000e+03,1.020061301647852133e+03,3.373896879806941307e+00
6.100000000000000000e+03,1.019868960145597612e+03,3.377129124800103188e+00
6.120000000000000000e+03,1.016639339152555181e+03,3.394751894336386133e+00
6.140000000000000000e+03,1.018031920613171110e+03,3.382267328462744249e+00
6.160000000000000000e+03,1.022053628971291573e+03,3.411299720158892601e+00
6.180000000000000000e+03,1.018855708807163978e+03,3.432560595211566312e+00
6.200000000000000000e+03,1.018842572575880467e+03,3.444610061635422049e+00
6.220000000000000000e+03,1.016321375719833895e+03,3.426246283343689747e+00
6.240000000000000000e+03,1.013273547622201136e+03,3.444332196535257573e+00
6.260000000000000000e+03,1.017036616899434648e+03,3.447120228264586306e+00
6.280000000000000000e+03,1.011329504570314384e+03,3.449047920088707642e+00
6.300000000000000000e+03,1.016560212093592668e+03,3.475580573027788223e+00
6.320000000000000000e+03,1.020057180884343438e+03,3.490903094515345639e+00
6.340000000000000000e+03,1.019618312436448491e+03,3.509367741705657906e+00
6.360000000000000000e+03,1.021534683684266270e+03,3.493317887349987494e+00
6.380000000000000000e+03,1.019431162349337455e+03,3.507052008714911295e+00
6.400000000000000000e+03,1.016060920488333863e+03,3.524073623942248101e+00
6.420000000000000000e+03,1.019737819509262067e+03,3.525517238104370232e+00
6.440000000000000000e+03,1.017469241433284083e+03,3.540390693759622565e+00
6.460000000000000000e+03,1.019352987435571436e+03,3.557936364285337216e+00
6.480000000000000000e+03,1.019613628180551132e+03,3.565614709669115090e+00
6.500000000000000000e+03,1.019348617964860637e+03,3.570174283460513021e+00
6.520000000000000000e+03,1.022552342766264019e+03,3.600317603661680188e+00
6.540000000000000000e+03,1.019343430716775060e+03,3.584860110615948336e+00
6.560000000000000000e+03,1.021015144526788276e+03,3.592078891093355875e+00
6.580000000000000000e+03,1.021197238976544554e+03,3.622838407384187942e+00
6.600000000000000000e+03,1.022613997274872986e+03,3.621459399226869547e+00
6.620000000000000000e+03,1.022952571283614134e+03,3.624483924462828188e+00
6.640000000000000000e+03,1.014223845065757473e+03,3.628612563100429345e+00
6.660000000000000000e+03,1.013204116550956087e+03,3.649725470636298486e+00
6.680000000000000000e+03,1.019110247674678817e+03,3.663580068928435018e+00
6.700000000000000000e+03,1.021416618731122526e+03,3.681972566582144779e+00
6.720000000000000000e+03,1.019965245692442750e+03,3.689221448562354233e+00
6.740000000000000000e+03,1.012154403386773083e+03,3.690271136386756190e+00
6.760000000000000000e+03,1.014355275479151715e+03,3.709682344148126365e+00
6.780000000000000000e+03,1.017339849867716794e+03,3.726755819345378917e+00
6.800000000000000000e+03,1.020800943441219488e+03,3.719444584087764127e+00
6.820000000000000000e+03,1.015526226177700551e+03,3.736828333344361042e+00
6.840000000000000000e+03,1.014621145525967904e+03,3.763478241710309202e+00
6.860000000000000000e+03,1.014699048860842481e+03,3.753783616286838321e+00
6.880000000000000000e+03,1.015423304906917224e+03,3.777643938102281052e+00
6.900000000000000000e+03,1.012554732995298991e+03,3.772779866910172863e+00
6.920000000000000000e+03,1.017288725723789184e+03,3.800641658829902791e+00
6.940000000000000000e+03,1.014894101786610463e+03,3.828089456566832638e+00
6.960000000000000000e+03,1.017370368269741562e+03,3.853099286741383800e+00
6.980000000000000000e+03,1.016845571163667728e+03,3.830017660864751150e+00
7.000000000000000000e+03,1.014687299854875619e+03,3.839686415636614836e+00
7.020000000000000000e+03,1.015881238347411113e+03,3.862007920797487337e+00
7.040000000000000000e+03,1.012361796186228503e+03,3.876626099048447127e+00
7.060000000000000000e+03,1.007744660798634982e+03,3.881603908512381462e+00
7.080000000000000000e+03,1.014097211192330064e+03,3.898101480036879174e+00
7.100000000000000000e+03,1.018209107879485032e+03,3.926538694077759573e+00
7.120000000000000000e+03,1.022260907943656093e+03,3.936058645214495222e+00
7.140000000000000000e+03,1.022464485278558755e+03,3.940868690501926785e+00
7.160000000000000000e+03,1.022722602191101601e+03,3.937917650129072022e+00
7.180000000000000000e+03,1.019015442485399376e+03,3.976958828819956882e+00
7.200000000000000000e+03,1.019390625496620487e+03,3.968366310732941216e+00
7.220000000000000000e+03,1.016128148809333538e+03,3.988307106471661534e+00
7.240000000000000000e+03,1.017516760103437605e+03,3.994237155780556936e+00
7.260000000000000000e+03,1.022149363226291143e+03,4.014279999127420950e+00
7.280000000000000000e+03,1.021156666245807514e+03,4.036737549122929813e+00
7.300000000000000000e+03,1.015640444291145968e+03,4.036978537502038833e+00
7.320000000000000000e+03,1.016010339753409198e+03,4.083661977881598126e+00
7.340000000000000000e+03,1.021220873050261048e+03,4.100354260852014932e+00
7.360000000000000000e+03,1.011657175620021121e+03,4.080943479335094715e+00
7.380000000000000000e+03,1.012868654603492814e+03,4.110483968133937793e+00
7.400000000000000000e+03,1.021404805999228643e+03,4.140046837888087694e+00
7.420000000000000000e+03,1.018386287028345123e+03,4.147922156260888116e+00
7.440000000000000000e+03,1.017557742225379002e+03,4.152910662138027398e+00
7.460000000000000000e+03,1.015337119702589462e+03,4.183807476184758123e+00
7.480000000000000000e+03,1.020101483612585866e+03,4.206474217393192383e+00
7.500000000000000000e+03,1.014841298373371615e+03,4.219655020365259190e+00
7.520000000000000000e+03,1.012307469007146778e+03,4.220846954927550243e+00
7.540000000000000000e+03,1.013943178614611725e+03,4.215515178293141041e+00
7.560000000000000000e+03,1.012305151631477884e+03,4.251146566090109324e+00
7.580000000000000000e+03,1.020670747032100280e+03,4.277841267869578523e+00
7.600000000000000000e+03,1.020119135769930153e+03,4.306402157850405032e+00
7.620000000000000000e+03,1.017794383275579435e+03,4.336819180100881965e+00
7.640000000000000000e+03,1.009376393859871541e+03,4.288015006055906575e+00
7.660000000000000000e+03,1.008152356024480355e+03,4.332256797319283592e+00
7.680000000000000000e+03,1.011576117245466435e+03,4.348653856926176786e+00
7.700000000000000000e+03,1.013439608580849495e+03,4.357093960703734226e+00
7.720000000000000000e+03,1.012951943684138769e+03,4.391355724269224048e+00
7.740000000000000000e+03,1.019453986024583855e+03,4.448086914701486982e+00
7.760000000000000000e+03,1.015044073911626356e+03,4.443826352454578910e+00
7.780000000000000000e+03,1.015940603294566699e+03,4.462169585080594914e+00
7.800000000000000000e+03,1.020096586030401340e+03,4.483671615747012673e+00
7.820000000000000000e+03,1.022636999462820540e+03,4.516844067856494505e+00
7.840000000000000000e+03,1.017441608187454676e+03,4.528413558834027519e+00
7.860000000000000000e+03,1.020439766679679565e+03,4.549105368551029649e+00
7.880000000000000000e+03,1.023323944558798075e+03,4.590363764098968957e+00
7.900000000000000000e+03,1.014570701177794717e+03,4.600499434545547217e+00
7.920000000000000000e+03,1.018563066446573316e+03,4.631109750755713073e+00
7.940000000000000000e+03,1.018516209200780395e+03,4.659981691993144715e+00
7.960000000000000000e+03,1.021054169806921777e+03,4.663045856315171100e+00
7.980000000000000000e+03,1.021234896906541280e+03,4.719225324248219167e+00
8.000000000000000000e+03,1.019315559836463081e+03,4.720350190509155830e+00
8.020000000000000000e+03,1.013888611001049867e+03,4.747229321609431452e+00
8.040000000000000000e+03,1.014502074056958008e+03,4.792034989811377876e+00
8.060000000000000000e+03,1.014254544511098629e+03,4.807350602480312318e+00
8.080000000000000000e+03,1.009000189881890606e+03,4.811654390311320917e+00
8.100000000000000000e+03,1.005981923484274716e+03,4.854245202754287725e+00
8.120000000000000000e+03,1.014703929767022828e+03,4.871520163614171395e+00
8.140000000000000000e+03,1.012090962858715216e+03,4.891340782000500376e+00
8.160000000000000000e+03,1.012316379081256514e+03,4.907919039959990570e+00
8.180000000000000000e+03,1.023864610052651983e+03,4.965037437684619803e+00
8.200000000000000000e+03,1.015680277566991663e+03,4.955156680875553832e+00
8.220000000000000000e+03,1.021669791497250003e+03,4.999477534891433983e+00
8.240000000000000000e+03,1.018549127679986441e+03,5.036229295717657983e+00
8.260000000000000000e+03,1.025064074375902692e+03,5.081671846752937149e+00
8.280000000000000000e+03,1.014198526891770825e+03,5.079389096655466673e+00
8.300000000000000000e+03,1.017409808649914908e+03,5.105631892403204475e+00
8.320000000000000000e+03,1.024532692847575163e+03,5.139897019378681264e+00
8.340000000000000000e+03,1.021521018385477987e+03,5.163326856791087494e+00
8.360000000000000000e+03,1.017625573496819584e+03,5.198549139436816624e+00
8.380000000000000000e+03,1.018661619148887780e+03,5.268328231533160988e+00
8.400000000000000000e+03,1.013317089444853650e+03,5.273851059178434220e+00
8.420000000000000000e+03,1.013370003135720822e+03,5.288300608630210675e+00
8.440000000000000000e+03,1.012470694939419559e+03,5.291382554182036735e+00
8.460000000000000000e+03,1.014991435465389941e+03,5.411965303732444887e+00
8.480000000000000000e+03,1.009666086317266831e+03,5.422296537026576324e+00
8.500000000000000000e+03,1.021046213057977980e+03,5.491592896910632682e+00
8.520000000000000000e+03,1.010680671855119158e+03,5.532279873129939851e+00
8.540000000000000000e+03,1.012847999617643723e+03,5.545722761316255855e+00
8.560000000000000000e+03,1.008537236579774344e+03,5.565105773139132239e+00
8.580000000000000000e+03,1.012760756149460462e+03,5.622862935894259451e+00
8.600000000000000000e+03,1.018770144098502783e+03,5.666781449934654269e+00
8.620000000000000000e+03,1.010688460531743772e+03,5.690301921721641065e+00
8.640000000000000000e+03,1.013260916705871409e+03,5.773943975278211127e+00
8.660000000000000000e+03,1.008353791533786421e+03,5.756288599817921181e+00
8.680000000000000000e+03,1.002732606494914307e+03,5.851628706449358397e+00
8.700000000000000000e+03,9.982122907759666077e+02,5.862003415827466313e+00
8.720000000000000000e+03,1.000320516681951403e+03,5.915646191128571374e+00
8.740000000000000000e+03,1.006937910366340020e+03,5.942675905320369267e+00
8.760000000000000000e+03,1.000454549888960173e+03,6.017357041949575880e+00
8.780000000000000000e+03,1.000252576665297283e+03,6.045204908641448327e+00
8.800000000000000000e+03,9.934070463113953338e+02,6.077145253167331340e+00
8.820000000000000000e+03,1.003891058362731997e+03,6.178479431121050247e+00
8.840000000000000000e+03,1.013910191717523389e+03,6.204180168661075356e+00
8.860000000000000000e+03,1.006534725650950122e+03,6.252492808464321428e+00
8.880000000000000000e+03,1.001691439840641692e+03,6.306996692402336180e+00
8.900000000000000000e+03,1.003546455880877261e+03,6.410540954056639151e+00
8.920000000000000000e+03,1.004520848347276228e+03,6.447214250494504917e+00
8.940000000000000000e+03,1.007621490551378542e+03,6.528166557532406600e+00
8.960000000000000000e+03,1.021001376421632813e+03,6.603988637057679689e+00
8.980000000000000000e+03,1.008636168907048386e+03,6.599705197531723577e+00
9.000000000000000000e+03,1.011813067932841022e+03,6.665732509567896535e+00
9.020000000000000000e+03,1.018020558266813282e+03,6.785751064657610243e+00
9.040000000000000000e+03,1.027016157884564791e+03,6.851434631631959427e+00
9.060000000000000000e+03,1.018787794290575675e+03,6.929925743700004581e+00
9.080000000000000000e+03,1.013749028732133411e+03,6.997020200587014571e+00
9.100000000000000000e+03,1.011867282538597010e+03,7.072829850629528181e+00
9.120000000000000000e+03,1.015360113137163808e+03,7.094634830548018023e+00
9.140000000000000000e+03,1.020620614101996921e+03,7.303326763540223254e+00
9.160000000000000000e+03,1.004214167738753872e+03,7.264154725062667239e+00
9.180000000000000000e+03,1.007959018156601360e+03,7.367617095641330494e+00
9.200000000000000000e+03,1.014808771573577701e+03,7.539639128657459111e+00
9.220000000000000000e+03,1.005527007449016196e+03,7.587801346710459249e+00
9.240000000000000000e+03,1.003030481840665857e+03,7.576797354780521410e+00
9.260000000000000000e+03,1.021864923963553906e+03,7.782481495368803515e+00
9.280000000000000000e+03,9.960343592039362193e+02,7.858270043302018948e+00
9.300000000000000000e+03,9.999756399609606206e+02,7.932203258994168671e+00
9.320000000000000000e+03,1.010262523382841550e+03,8.161544204683377046e+00
9.340000000000000000e+03,1.022201094562852745e+03,8.307478500353019157e+00
9.360000000000000000e+03,1.012864407966607018e+03,8.369615774537681574e+00
9.380000000000000000e+03,1.017894237878544573e+03,8.520675437938079355e+00
9.400000000000000000e+03,1.005268407248376320e+03,8.588490552343262863e+00
9.420000000000000000e+03,1.009874554646796582e+03,8.732646295728319075e+00
9.440000000000000000e+03,1.010233375790573973e+03,8.915967936836016960e+00
9.460000000000000000e+03,1.005768702567144260e+03,9.052136324396252931e+00
9.480000000000000000e+03,9.928148880335081685e+02,9.176418126140488241e+00
9.500000000000000000e+03,1.004561577524863651e+03,9.394275049789756693e+00
9.520000000000000000e+03,1.010933149495627049e+03,9.600635461580118601e+00
9.540000000000000000e+03,1.005234311233210065e+03,9.843166704424683999e+00
9.560000000000000000e+03,1.017226832068011959e+03,1.008430149734028092e+01
9.580000000000000000e+03,1.022559177081100415e+03,1.032802849202309226e+01
9.600000000000000000e+03,1.047710854516656354e+03,1.075681617309368399e+01
9.620000000000000000e+03,1.032364268278940017e+03,1.064613721311530803e+01
9.640000000000000000e+03,1.038562820706757520e+03,1.119064698434649152e+01
9.660000000000000000e+03,1.020567133541609337e+03,1.149694004002183867e+01
9.680000000000000000e+03,1.030326727560651079e+03,1.178541628482021331e+01
9.700000000000000000e+03,1.026588807968151286e+03,1.229010564049365684e+01
9.720000000000000000e+03,1.015343079523190909e+03,1.254964408296119593e+01
9.740000000000000000e+03,1.045808232045573504e+03,1.314358016470923474e+01
9.760000000000000000e+03,1.046759273328993459e+03,1.372275400942814549e+01
9.780000000000000000e+03,1.035466046548096756e+03,1.406695416542219412e+01
9.800000000000000000e+03,1.048052071390759238e+03,1.522031706054103140e+01
9.820000000000000000e+03,1.074634634417923280e+03,1.614318734826429136e+01
9.840000000000000000e+03,1.051240191237672207e+03,1.714223668334146566e+01
9.860000000000000000e+03,1.058198478768097402e+03,1.814562210347974869e+01
9.880000000000000000e+03,1.035451582380778746e+03,1.899886960022801574e+01
9.900000000000000000e+03,1.069391386947196452e+03,2.174144731061628733e+01
9.920000000000000000e+03,1.077226795377085409e+03,2.448548375952303147e+01
9.940000000000000000e+03,1.051140129000412799e+03,2.787572660833532368e+01
9.960000000000000000e+03,9.730941792273481497e+02,3.412281715666540549e+01
9.980000000000000000e+03,1.058657203728271043e+03,5.019607281585245318e+01
